,Unnamed: 0,Date,Age,WL,FG,FGA,FG%,3P,3PA,FT,FTA,TRB,AST,STL,BLK,TOV,PTS,GmSc
0,0,1991-11-01,28.0,W,11.0,18.0,0.611,0.0,3.0,4.0,6.0,5.0,4.0,3.0,1.0,2.0,26.0,22.6
1,1,1991-11-02,28.0,L,19.0,29.0,0.655,1.0,2.0,7.0,7.0,3.0,3.0,5.0,1.0,4.0,46.0,37.6
2,2,1991-11-05,28.0,L,17.0,22.0,0.773,1.0,2.0,5.0,8.0,7.0,4.0,1.0,1.0,5.0,40.0,30.6
3,3,1991-11-06,28.0,W,16.0,26.0,0.615,3.0,4.0,9.0,9.0,3.0,6.0,1.0,1.0,2.0,44.0,36.2
4,4,1991-11-08,28.0,W,10.0,15.0,0.667,0.0,0.0,6.0,8.0,7.0,5.0,4.0,0.0,0.0,26.0,28.3
5,5,1991-11-09,28.0,W,13.0,26.0,0.5,0.0,3.0,1.0,1.0,5.0,9.0,3.0,1.0,1.0,27.0,24.5
6,6,1991-11-12,28.0,W,8.0,14.0,0.5710000000000001,0.0,1.0,4.0,5.0,3.0,4.0,3.0,0.0,0.0,20.0,18.1
7,7,1991-11-13,28.0,W,11.0,19.0,0.579,1.0,3.0,12.0,12.0,6.0,5.0,3.0,3.0,2.0,35.0,34.5
8,8,1991-11-15,28.0,W,5.0,10.0,0.5,0.0,0.0,7.0,8.0,7.0,11.0,1.0,0.0,3.0,17.0,19.4
9,9,1991-11-20,28.0,W,12.0,25.0,0.48,0.0,0.0,11.0,13.0,9.0,7.0,3.0,1.0,3.0,35.0,29.0
10,10,1991-11-22,28.0,W,11.0,26.0,0.423,0.0,1.0,9.0,10.0,6.0,4.0,2.0,0.0,1.0,31.0,20.4
11,11,1991-11-23,28.0,W,15.0,28.0,0.536,0.0,1.0,7.0,7.0,6.0,3.0,0.0,1.0,2.0,37.0,24.0
12,12,1991-11-26,28.0,W,11.0,19.0,0.579,0.0,2.0,1.0,2.0,10.0,5.0,1.0,0.0,6.0,23.0,14.4
13,13,1991-11-29,28.0,W,16.0,39.0,0.41,0.0,1.0,8.0,10.0,8.0,7.0,3.0,1.0,3.0,40.0,25.9
14,14,1991-11-30,28.0,W,13.0,21.0,0.619,0.0,2.0,4.0,9.0,6.0,8.0,0.0,1.0,2.0,30.0,23.0
15,15,1991-12-04,28.0,W,7.0,20.0,0.35,0.0,1.0,2.0,2.0,9.0,9.0,3.0,0.0,7.0,16.0,8.6
16,16,1991-12-06,28.0,W,8.0,19.0,0.421,1.0,2.0,2.0,4.0,11.0,10.0,1.0,0.0,1.0,19.0,17.6
17,17,1991-12-07,28.0,L,12.0,25.0,0.48,0.0,1.0,8.0,10.0,14.0,9.0,3.0,1.0,4.0,32.0,29.1
18,18,1991-12-10,28.0,W,7.0,20.0,0.35,0.0,1.0,5.0,8.0,11.0,1.0,0.0,1.0,1.0,19.0,10.3
19,19,1991-12-13,28.0,W,9.0,18.0,0.5,0.0,2.0,9.0,12.0,8.0,6.0,4.0,0.0,3.0,27.0,24.0
20,20,1991-12-14,28.0,W,12.0,19.0,0.632,0.0,1.0,5.0,8.0,9.0,1.0,2.0,3.0,1.0,29.0,25.8
21,21,1991-12-17,28.0,L,6.0,20.0,0.3,0.0,3.0,9.0,10.0,4.0,7.0,3.0,3.0,0.0,21.0,19.0
22,22,1991-12-20,28.0,W,8.0,18.0,0.444,0.0,0.0,8.0,8.0,5.0,4.0,1.0,2.0,0.0,24.0,21.7
23,23,1991-12-21,28.0,W,16.0,24.0,0.667,2.0,2.0,3.0,3.0,9.0,10.0,4.0,1.0,3.0,37.0,37.6
24,24,1991-12-25,28.0,W,6.0,14.0,0.429,0.0,1.0,2.0,2.0,8.0,5.0,2.0,3.0,2.0,14.0,14.2
25,25,1991-12-26,28.0,W,15.0,31.0,0.484,1.0,2.0,3.0,4.0,3.0,6.0,2.0,3.0,4.0,34.0,23.1
26,26,1991-12-28,28.0,W,11.0,20.0,0.55,0.0,1.0,11.0,12.0,2.0,8.0,3.0,3.0,6.0,33.0,26.3
27,27,1991-12-30,28.0,W,10.0,19.0,0.526,0.0,1.0,9.0,11.0,6.0,7.0,3.0,2.0,4.0,29.0,25.2
28,28,1992-01-03,28.0,L,19.0,29.0,0.655,0.0,2.0,6.0,8.0,6.0,7.0,1.0,0.0,1.0,44.0,36.4
29,29,1992-01-04,28.0,W,12.0,20.0,0.6,0.0,0.0,3.0,4.0,5.0,1.0,1.0,2.0,0.0,27.0,22.4
30,30,1992-01-07,28.0,W,7.0,15.0,0.467,1.0,1.0,6.0,6.0,5.0,9.0,4.0,1.0,3.0,21.0,21.6
31,31,1992-01-08,28.0,W,17.0,27.0,0.63,0.0,0.0,6.0,9.0,6.0,8.0,1.0,2.0,4.0,40.0,31.3
32,32,1992-01-10,28.0,W,15.0,25.0,0.6,1.0,2.0,6.0,6.0,5.0,4.0,1.0,1.0,2.0,37.0,28.7
33,33,1992-01-11,28.0,W,10.0,19.0,0.526,0.0,0.0,10.0,10.0,6.0,7.0,1.0,1.0,1.0,30.0,26.5
34,34,1992-01-14,28.0,W,11.0,20.0,0.55,0.0,1.0,4.0,4.0,5.0,4.0,5.0,2.0,2.0,26.0,25.1
35,35,1992-01-16,28.0,W,15.0,26.0,0.5770000000000001,0.0,2.0,5.0,6.0,4.0,8.0,2.0,1.0,2.0,35.0,28.3
36,36,1992-01-17,28.0,W,10.0,23.0,0.435,1.0,1.0,10.0,10.0,4.0,8.0,1.0,0.0,1.0,31.0,24.5
37,37,1992-01-19,28.0,W,12.0,27.0,0.444,0.0,2.0,10.0,14.0,6.0,6.0,2.0,0.0,3.0,34.0,22.1
38,38,1992-01-21,28.0,W,13.0,23.0,0.565,0.0,0.0,4.0,5.0,5.0,7.0,5.0,1.0,4.0,30.0,26.4
39,39,1992-01-22,28.0,W,7.0,18.0,0.389,1.0,2.0,8.0,8.0,6.0,4.0,2.0,2.0,5.0,23.0,16.2
40,40,1992-01-24,28.0,W,9.0,14.0,0.643,0.0,0.0,2.0,2.0,2.0,5.0,0.0,2.0,2.0,20.0,17.7
41,41,1992-01-25,28.0,W,12.0,27.0,0.444,3.0,3.0,8.0,10.0,3.0,5.0,4.0,1.0,4.0,35.0,24.4
42,42,1992-01-28,28.0,L,15.0,31.0,0.484,0.0,1.0,9.0,11.0,9.0,7.0,4.0,0.0,3.0,39.0,29.9
43,43,1992-01-30,28.0,L,9.0,26.0,0.34600000000000003,0.0,1.0,4.0,4.0,5.0,5.0,3.0,0.0,1.0,22.0,14.0
44,44,1992-01-31,28.0,W,10.0,17.0,0.588,0.0,1.0,5.0,6.0,10.0,9.0,1.0,0.0,1.0,25.0,25.6
45,45,1992-02-02,28.0,W,13.0,27.0,0.481,1.0,1.0,6.0,8.0,8.0,11.0,2.0,0.0,5.0,33.0,24.0
46,46,1992-02-03,28.0,L,13.0,34.0,0.382,1.0,1.0,7.0,9.0,13.0,8.0,2.0,1.0,2.0,34.0,23.6
47,47,1992-02-11,28.0,W,13.0,23.0,0.565,0.0,0.0,8.0,9.0,6.0,7.0,4.0,2.0,3.0,34.0,31.4
48,48,1992-02-13,28.0,W,4.0,15.0,0.267,0.0,0.0,9.0,11.0,2.0,5.0,1.0,0.0,1.0,17.0,11.0
49,49,1992-02-15,28.0,W,9.0,24.0,0.375,0.0,0.0,11.0,12.0,5.0,2.0,2.0,2.0,3.0,29.0,17.9
50,50,1992-02-17,29.0,L,21.0,32.0,0.6559999999999999,0.0,1.0,4.0,5.0,4.0,6.0,0.0,0.0,3.0,46.0,34.0
51,51,1992-02-19,29.0,W,11.0,23.0,0.478,0.0,1.0,5.0,7.0,10.0,8.0,2.0,0.0,3.0,27.0,23.7
52,52,1992-02-21,29.0,W,14.0,23.0,0.609,0.0,0.0,5.0,6.0,10.0,14.0,4.0,0.0,4.0,33.0,34.5
53,53,1992-02-22,29.0,W,13.0,27.0,0.481,0.0,3.0,4.0,6.0,6.0,8.0,1.0,2.0,1.0,30.0,24.3
54,54,1992-02-25,29.0,L,11.0,22.0,0.5,0.0,0.0,1.0,3.0,4.0,6.0,4.0,1.0,1.0,23.0,19.9
55,55,1992-02-26,29.0,W,10.0,17.0,0.588,1.0,3.0,5.0,6.0,4.0,1.0,2.0,0.0,0.0,26.0,22.4
56,56,1992-02-28,29.0,W,8.0,18.0,0.444,0.0,0.0,8.0,10.0,6.0,6.0,2.0,2.0,2.0,24.0,20.8
57,57,1992-03-01,29.0,W,10.0,23.0,0.435,0.0,2.0,11.0,12.0,9.0,7.0,3.0,0.0,5.0,31.0,22.9
58,58,1992-03-03,29.0,L,12.0,21.0,0.5710000000000001,0.0,0.0,3.0,5.0,7.0,5.0,0.0,1.0,2.0,27.0,20.2
59,59,1992-03-05,29.0,W,14.0,26.0,0.5379999999999999,0.0,0.0,5.0,5.0,5.0,5.0,1.0,1.0,1.0,33.0,25.3
60,60,1992-03-06,29.0,W,12.0,20.0,0.6,0.0,1.0,3.0,3.0,6.0,2.0,2.0,1.0,2.0,27.0,20.9
61,61,1992-03-08,29.0,W,12.0,26.0,0.462,0.0,1.0,10.0,13.0,11.0,8.0,1.0,0.0,1.0,34.0,28.3
62,62,1992-03-11,29.0,W,14.0,23.0,0.609,0.0,0.0,4.0,4.0,13.0,3.0,0.0,2.0,4.0,32.0,24.1
63,63,1992-03-14,29.0,W,11.0,22.0,0.5,0.0,1.0,4.0,4.0,10.0,9.0,5.0,0.0,3.0,26.0,26.3
64,64,1992-03-16,29.0,W,15.0,27.0,0.556,0.0,2.0,7.0,7.0,9.0,13.0,0.0,1.0,3.0,37.0,34.0
65,65,1992-03-17,29.0,W,16.0,32.0,0.5,0.0,0.0,8.0,12.0,10.0,4.0,2.0,2.0,1.0,40.0,31.0
66,66,1992-03-19,29.0,W,19.0,30.0,0.633,1.0,1.0,12.0,15.0,11.0,3.0,1.0,1.0,0.0,51.0,43.1
67,67,1992-03-21,29.0,L,10.0,22.0,0.455,0.0,0.0,5.0,7.0,15.0,4.0,2.0,1.0,3.0,25.0,21.8
68,68,1992-03-24,29.0,W,18.0,31.0,0.581,2.0,3.0,12.0,13.0,6.0,6.0,3.0,0.0,3.0,50.0,41.1
69,69,1992-03-28,29.0,W,21.0,32.0,0.6559999999999999,0.0,1.0,2.0,2.0,4.0,6.0,3.0,0.0,1.0,44.0,36.6
70,70,1992-03-31,29.0,W,13.0,23.0,0.565,0.0,1.0,10.0,12.0,4.0,3.0,3.0,1.0,3.0,36.0,29.1
71,71,1992-04-01,29.0,W,11.0,22.0,0.5,1.0,3.0,8.0,10.0,2.0,5.0,3.0,0.0,2.0,31.0,23.9
72,72,1992-04-03,29.0,W,5.0,17.0,0.294,0.0,2.0,5.0,6.0,6.0,7.0,2.0,0.0,5.0,15.0,6.8
73,73,1992-04-05,29.0,L,12.0,28.0,0.429,0.0,3.0,2.0,2.0,2.0,2.0,3.0,0.0,3.0,26.0,11.6
74,74,1992-04-07,29.0,W,12.0,22.0,0.545,2.0,5.0,4.0,4.0,5.0,7.0,6.0,1.0,3.0,30.0,28.3
75,75,1992-04-10,29.0,W,16.0,30.0,0.5329999999999999,1.0,1.0,2.0,4.0,4.0,6.0,4.0,0.0,1.0,35.0,26.8
76,76,1992-04-11,29.0,W,8.0,20.0,0.4,0.0,0.0,7.0,7.0,5.0,8.0,5.0,1.0,1.0,23.0,23.6
77,77,1992-04-13,29.0,W,6.0,12.0,0.5,0.0,1.0,0.0,0.0,1.0,7.0,3.0,1.0,2.0,12.0,12.5
78,78,1992-04-17,29.0,W,9.0,16.0,0.563,0.0,0.0,3.0,4.0,4.0,8.0,0.0,0.0,5.0,21.0,13.6
79,79,1992-04-19,29.0,W,9.0,17.0,0.529,0.0,0.0,14.0,15.0,2.0,7.0,2.0,1.0,7.0,32.0,23.7
80,80,1985-10-25,22.0,W,13.0,26.0,0.5,0.0,0.0,3.0,4.0,6.0,3.0,3.0,0.0,3.0,29.0,18.7
81,81,1985-10-26,22.0,W,9.0,24.0,0.375,0.0,0.0,15.0,16.0,7.0,6.0,2.0,3.0,6.0,33.0,22.6
82,82,1985-10-29,22.0,W,6.0,10.0,0.6,0.0,0.0,0.0,0.0,2.0,2.0,0.0,0.0,1.0,12.0,8.0
83,83,1986-03-15,23.0,L,4.0,7.0,0.5710000000000001,0.0,0.0,4.0,7.0,1.0,2.0,1.0,0.0,1.0,12.0,8.4
84,84,1986-03-17,23.0,L,4.0,16.0,0.25,0.0,1.0,9.0,10.0,4.0,1.0,7.0,1.0,1.0,17.0,16.8
85,85,1986-03-19,23.0,L,4.0,14.0,0.28600000000000003,0.0,2.0,4.0,6.0,4.0,3.0,2.0,2.0,1.0,12.0,9.9
86,86,1986-03-21,23.0,L,7.0,16.0,0.438,0.0,1.0,6.0,7.0,2.0,1.0,0.0,1.0,1.0,20.0,11.8
87,87,1986-03-22,23.0,L,4.0,13.0,0.308,0.0,0.0,0.0,1.0,1.0,1.0,0.0,0.0,1.0,8.0,-0.3
88,88,1986-03-25,23.0,W,5.0,12.0,0.417,0.0,1.0,9.0,9.0,3.0,3.0,1.0,0.0,2.0,19.0,13.8
89,89,1986-03-28,23.0,L,9.0,15.0,0.6,0.0,0.0,4.0,6.0,1.0,3.0,5.0,0.0,3.0,22.0,17.1
90,90,1986-03-29,23.0,W,10.0,17.0,0.588,0.0,1.0,4.0,6.0,1.0,1.0,1.0,3.0,4.0,24.0,15.0
91,91,1986-04-01,23.0,L,8.0,16.0,0.5,0.0,1.0,12.0,12.0,5.0,2.0,1.0,3.0,1.0,28.0,24.6
92,92,1986-04-03,23.0,W,12.0,19.0,0.632,0.0,0.0,2.0,4.0,5.0,3.0,3.0,2.0,3.0,26.0,21.7
93,93,1986-04-05,23.0,W,10.0,21.0,0.476,2.0,3.0,8.0,9.0,3.0,3.0,1.0,1.0,4.0,30.0,19.6
94,94,1986-04-07,23.0,W,10.0,18.0,0.556,1.0,3.0,5.0,5.0,5.0,7.0,1.0,3.0,2.0,26.0,24.1
95,95,1986-04-08,23.0,L,12.0,25.0,0.48,0.0,2.0,6.0,6.0,6.0,6.0,2.0,1.0,7.0,30.0,18.6
96,96,1986-04-11,23.0,W,12.0,36.0,0.333,0.0,1.0,7.0,10.0,5.0,2.0,3.0,1.0,2.0,31.0,12.4
97,97,1986-04-13,23.0,L,11.0,23.0,0.478,0.0,2.0,7.0,7.0,3.0,4.0,4.0,0.0,2.0,29.0,21.4
98,98,1986-11-01,23.0,W,15.0,31.0,0.484,0.0,0.0,20.0,22.0,6.0,3.0,4.0,3.0,6.0,50.0,37.5
99,99,1986-11-02,23.0,W,16.0,31.0,0.516,0.0,0.0,9.0,12.0,8.0,2.0,0.0,4.0,3.0,41.0,29.3
100,100,1986-11-04,23.0,W,14.0,31.0,0.452,0.0,1.0,6.0,13.0,8.0,5.0,4.0,2.0,6.0,34.0,20.8
101,101,1986-11-07,23.0,L,11.0,26.0,0.423,0.0,1.0,11.0,15.0,0.0,5.0,1.0,1.0,3.0,33.0,18.2
102,102,1986-11-08,23.0,W,17.0,27.0,0.63,0.0,0.0,5.0,5.0,6.0,3.0,5.0,0.0,3.0,39.0,33.2
103,103,1986-11-11,23.0,W,14.0,32.0,0.438,0.0,0.0,6.0,6.0,5.0,3.0,1.0,3.0,5.0,34.0,18.9
104,104,1986-11-12,23.0,L,9.0,25.0,0.36,0.0,1.0,10.0,12.0,4.0,4.0,3.0,1.0,4.0,28.0,15.4
105,105,1986-11-14,23.0,L,17.0,33.0,0.515,1.0,1.0,13.0,14.0,5.0,1.0,2.0,1.0,0.0,48.0,35.8
106,106,1986-11-21,23.0,W,14.0,26.0,0.5379999999999999,0.0,0.0,12.0,15.0,6.0,4.0,3.0,2.0,2.0,40.0,32.8
107,107,1986-11-22,23.0,W,10.0,26.0,0.385,0.0,0.0,2.0,3.0,9.0,4.0,3.0,1.0,3.0,22.0,13.2
108,108,1986-11-26,23.0,L,13.0,31.0,0.419,0.0,0.0,11.0,14.0,9.0,3.0,1.0,3.0,2.0,37.0,24.0
109,109,1986-11-28,23.0,L,19.0,43.0,0.442,0.0,1.0,3.0,4.0,10.0,3.0,1.0,1.0,3.0,41.0,23.5
110,110,1986-11-29,23.0,L,11.0,30.0,0.3670000000000001,0.0,1.0,18.0,19.0,5.0,6.0,4.0,0.0,2.0,40.0,30.7
111,111,1986-12-02,23.0,W,13.0,30.0,0.433,0.0,0.0,14.0,15.0,9.0,6.0,3.0,6.0,4.0,40.0,34.7
112,112,1986-12-03,23.0,L,17.0,33.0,0.515,0.0,2.0,11.0,13.0,3.0,3.0,6.0,1.0,2.0,45.0,34.4
113,113,1986-12-05,23.0,L,15.0,37.0,0.405,0.0,0.0,13.0,17.0,4.0,2.0,3.0,1.0,1.0,43.0,27.2
114,114,1986-12-06,23.0,L,18.0,38.0,0.474,0.0,2.0,7.0,7.0,5.0,3.0,1.0,1.0,2.0,43.0,27.3
115,115,1986-12-09,23.0,W,16.0,30.0,0.5329999999999999,0.0,0.0,8.0,9.0,6.0,6.0,3.0,4.0,3.0,40.0,33.4
116,116,1986-12-10,23.0,L,15.0,25.0,0.6,0.0,0.0,11.0,12.0,4.0,4.0,3.0,0.0,3.0,41.0,32.7
117,117,1986-12-12,23.0,W,16.0,24.0,0.667,0.0,0.0,9.0,11.0,5.0,3.0,2.0,0.0,2.0,41.0,31.4
118,118,1986-12-13,23.0,L,3.0,17.0,0.17600000000000002,0.0,0.0,5.0,8.0,4.0,2.0,0.0,1.0,2.0,11.0,-0.4
119,119,1986-12-16,23.0,W,13.0,29.0,0.448,0.0,1.0,15.0,18.0,5.0,1.0,0.0,0.0,4.0,41.0,21.7
120,120,1986-12-18,23.0,W,15.0,27.0,0.556,0.0,0.0,11.0,12.0,3.0,6.0,0.0,1.0,2.0,41.0,31.5
121,121,1986-12-20,23.0,L,10.0,26.0,0.385,0.0,0.0,7.0,8.0,4.0,7.0,2.0,4.0,5.0,27.0,17.1
122,122,1986-12-23,23.0,W,18.0,33.0,0.545,0.0,1.0,7.0,7.0,5.0,6.0,2.0,0.0,3.0,43.0,32.6
123,123,1986-12-25,23.0,L,10.0,28.0,0.35700000000000004,0.0,0.0,10.0,12.0,3.0,5.0,6.0,2.0,6.0,30.0,19.4
124,124,1986-12-27,23.0,W,20.0,29.0,0.69,0.0,0.0,4.0,4.0,4.0,3.0,0.0,2.0,4.0,44.0,32.8
125,125,1986-12-30,23.0,L,12.0,27.0,0.444,2.0,3.0,5.0,7.0,5.0,3.0,4.0,0.0,2.0,31.0,20.5
126,126,1987-01-02,23.0,L,13.0,31.0,0.419,0.0,1.0,8.0,10.0,8.0,3.0,1.0,0.0,2.0,34.0,21.8
127,127,1987-01-03,23.0,W,16.0,35.0,0.457,0.0,2.0,15.0,17.0,4.0,2.0,1.0,0.0,1.0,47.0,29.5
128,128,1987-01-06,23.0,W,13.0,23.0,0.565,0.0,0.0,1.0,3.0,2.0,3.0,2.0,0.0,3.0,27.0,15.0
129,129,1987-01-08,23.0,W,20.0,34.0,0.588,0.0,0.0,13.0,16.0,4.0,5.0,3.0,2.0,3.0,53.0,42.1
130,130,1987-01-10,23.0,W,8.0,24.0,0.333,0.0,0.0,15.0,15.0,7.0,5.0,2.0,1.0,4.0,31.0,20.9
131,131,1987-01-15,23.0,L,17.0,43.0,0.395,1.0,4.0,8.0,9.0,3.0,3.0,2.0,1.0,2.0,43.0,22.6
132,132,1987-01-17,23.0,W,17.0,34.0,0.5,0.0,0.0,13.0,14.0,10.0,6.0,4.0,1.0,4.0,47.0,38.7
133,133,1987-01-19,23.0,L,11.0,25.0,0.44,1.0,1.0,9.0,11.0,6.0,3.0,0.0,0.0,5.0,32.0,16.6
134,134,1987-01-20,23.0,W,11.0,22.0,0.5,0.0,0.0,9.0,10.0,7.0,2.0,2.0,1.0,3.0,31.0,22.8
135,135,1987-01-23,23.0,W,14.0,28.0,0.5,1.0,1.0,6.0,6.0,2.0,2.0,3.0,0.0,3.0,35.0,23.0
136,136,1987-01-24,23.0,L,11.0,20.0,0.55,0.0,0.0,5.0,6.0,0.0,1.0,1.0,0.0,1.0,27.0,16.1
137,137,1987-01-27,23.0,L,13.0,34.0,0.382,0.0,2.0,4.0,6.0,5.0,6.0,2.0,0.0,5.0,30.0,12.9
138,138,1987-01-28,23.0,L,11.0,23.0,0.478,0.0,2.0,5.0,8.0,4.0,4.0,1.0,1.0,6.0,27.0,13.0
139,139,1987-01-30,23.0,L,19.0,35.0,0.5429999999999999,0.0,4.0,11.0,12.0,2.0,5.0,3.0,2.0,4.0,49.0,35.0
140,140,1987-02-01,23.0,L,14.0,39.0,0.359,1.0,5.0,9.0,9.0,5.0,5.0,5.0,0.0,2.0,38.0,23.9
141,141,1987-02-03,23.0,W,12.0,28.0,0.429,0.0,1.0,8.0,9.0,6.0,6.0,0.0,2.0,5.0,32.0,19.2
142,142,1987-02-05,23.0,L,12.0,24.0,0.5,0.0,0.0,12.0,13.0,7.0,5.0,2.0,2.0,3.0,36.0,29.6
143,143,1987-02-10,23.0,W,11.0,22.0,0.5,0.0,0.0,7.0,9.0,3.0,4.0,3.0,1.0,4.0,29.0,19.8
144,144,1987-02-13,23.0,W,14.0,28.0,0.5,0.0,0.0,17.0,19.0,3.0,6.0,2.0,2.0,1.0,45.0,36.5
145,145,1987-02-14,23.0,W,15.0,24.0,0.625,0.0,1.0,3.0,5.0,2.0,8.0,3.0,3.0,2.0,33.0,29.9
146,146,1987-02-16,23.0,L,13.0,30.0,0.433,0.0,1.0,17.0,18.0,7.0,6.0,5.0,4.0,7.0,43.0,32.3
147,147,1987-02-20,24.0,L,11.0,27.0,0.407,0.0,0.0,11.0,12.0,2.0,5.0,5.0,2.0,2.0,33.0,25.8
148,148,1987-02-22,24.0,W,16.0,29.0,0.552,0.0,0.0,11.0,15.0,4.0,6.0,8.0,5.0,4.0,43.0,40.8
149,149,1987-02-24,24.0,W,10.0,22.0,0.455,0.0,0.0,14.0,18.0,12.0,2.0,5.0,5.0,2.0,34.0,32.5
150,150,1987-02-26,24.0,W,16.0,25.0,0.64,0.0,0.0,26.0,27.0,8.0,3.0,3.0,2.0,3.0,58.0,51.2
151,151,1987-02-28,24.0,W,11.0,28.0,0.393,0.0,1.0,15.0,17.0,6.0,2.0,3.0,1.0,3.0,37.0,24.5
152,152,1987-03-01,24.0,L,10.0,23.0,0.435,0.0,1.0,10.0,12.0,4.0,4.0,3.0,2.0,7.0,30.0,18.1
153,153,1987-03-03,24.0,W,11.0,17.0,0.647,0.0,0.0,8.0,9.0,3.0,8.0,3.0,2.0,2.0,30.0,30.6
154,154,1987-03-04,24.0,W,22.0,39.0,0.564,0.0,0.0,17.0,18.0,7.0,3.0,3.0,3.0,5.0,61.0,47.6
155,155,1987-03-06,24.0,L,10.0,24.0,0.417,0.0,0.0,7.0,9.0,8.0,5.0,8.0,3.0,4.0,27.0,25.8
156,156,1987-03-08,24.0,W,11.0,28.0,0.393,0.0,1.0,11.0,12.0,6.0,4.0,5.0,3.0,1.0,33.0,28.5
157,157,1987-03-09,24.0,L,12.0,26.0,0.462,0.0,1.0,7.0,10.0,7.0,8.0,3.0,1.0,3.0,31.0,24.8
158,158,1987-03-11,24.0,L,19.0,34.0,0.5589999999999999,1.0,1.0,10.0,11.0,8.0,7.0,2.0,4.0,6.0,49.0,38.5
159,159,1987-03-13,24.0,L,7.0,22.0,0.318,0.0,0.0,10.0,13.0,4.0,3.0,0.0,0.0,2.0,24.0,11.1
160,160,1987-03-14,24.0,L,5.0,20.0,0.25,0.0,0.0,3.0,3.0,7.0,8.0,4.0,2.0,7.0,13.0,7.5
161,161,1987-03-16,24.0,L,15.0,28.0,0.536,0.0,1.0,14.0,14.0,4.0,5.0,4.0,0.0,4.0,44.0,33.5
162,162,1987-03-17,24.0,L,7.0,21.0,0.333,1.0,2.0,6.0,7.0,3.0,9.0,0.0,0.0,3.0,21.0,11.7
163,163,1987-03-19,24.0,W,14.0,23.0,0.609,1.0,1.0,11.0,11.0,7.0,3.0,2.0,4.0,2.0,40.0,36.1
164,164,1987-03-21,24.0,W,13.0,25.0,0.52,0.0,1.0,14.0,15.0,3.0,5.0,4.0,0.0,7.0,40.0,28.3
165,165,1987-03-22,24.0,L,14.0,26.0,0.5379999999999999,0.0,2.0,18.0,20.0,1.0,6.0,4.0,0.0,7.0,46.0,32.9
166,166,1987-03-24,24.0,W,22.0,32.0,0.688,0.0,1.0,12.0,15.0,7.0,3.0,8.0,0.0,7.0,56.0,46.0
167,167,1987-03-26,24.0,L,14.0,30.0,0.467,0.0,0.0,12.0,14.0,6.0,7.0,4.0,1.0,4.0,40.0,31.2
168,168,1987-03-27,24.0,L,9.0,23.0,0.391,0.0,0.0,4.0,5.0,7.0,7.0,7.0,1.0,3.0,22.0,20.8
169,169,1987-03-29,24.0,W,13.0,24.0,0.542,0.0,2.0,7.0,9.0,1.0,8.0,4.0,1.0,1.0,33.0,29.0
170,170,1987-03-31,24.0,W,12.0,18.0,0.667,0.0,0.0,12.0,14.0,3.0,4.0,3.0,1.0,4.0,36.0,30.0
171,171,1987-04-01,24.0,L,10.0,25.0,0.4,1.0,3.0,5.0,6.0,9.0,7.0,5.0,3.0,3.0,26.0,22.6
172,172,1987-04-03,24.0,L,13.0,22.0,0.591,1.0,2.0,5.0,5.0,2.0,7.0,2.0,1.0,4.0,32.0,24.8
173,173,1987-04-04,24.0,L,9.0,24.0,0.375,0.0,1.0,13.0,13.0,6.0,7.0,1.0,0.0,1.0,31.0,25.3
174,174,1987-04-07,24.0,W,13.0,21.0,0.619,0.0,0.0,13.0,16.0,5.0,4.0,4.0,1.0,3.0,39.0,35.1
175,175,1987-04-10,24.0,L,11.0,31.0,0.355,0.0,1.0,12.0,15.0,6.0,10.0,3.0,1.0,3.0,34.0,25.0
176,176,1987-04-12,24.0,W,19.0,27.0,0.7040000000000001,0.0,0.0,15.0,18.0,4.0,8.0,4.0,2.0,3.0,53.0,49.7
177,177,1987-04-13,24.0,W,16.0,31.0,0.516,0.0,1.0,18.0,22.0,9.0,4.0,4.0,3.0,1.0,50.0,42.1
178,178,1987-04-16,24.0,L,22.0,38.0,0.579,0.0,3.0,17.0,21.0,10.0,1.0,4.0,1.0,3.0,61.0,47.8
179,179,1987-04-17,24.0,L,5.0,15.0,0.333,0.0,0.0,7.0,7.0,4.0,8.0,0.0,2.0,1.0,17.0,15.3
180,180,1992-11-06,29.0,W,12.0,26.0,0.462,0.0,2.0,5.0,6.0,6.0,2.0,3.0,3.0,2.0,29.0,22.3
181,181,1992-11-07,29.0,L,13.0,29.0,0.448,1.0,4.0,8.0,9.0,4.0,11.0,4.0,0.0,6.0,35.0,24.8
182,182,1992-11-09,29.0,W,10.0,20.0,0.5,0.0,1.0,4.0,5.0,2.0,12.0,2.0,0.0,4.0,24.0,20.2
183,183,1992-11-11,29.0,W,13.0,24.0,0.542,3.0,3.0,8.0,10.0,10.0,4.0,0.0,1.0,5.0,37.0,26.5
184,184,1992-11-13,29.0,W,14.0,31.0,0.452,0.0,2.0,6.0,8.0,6.0,4.0,3.0,2.0,5.0,34.0,21.5
185,185,1992-11-14,29.0,W,7.0,13.0,0.5379999999999999,2.0,5.0,2.0,2.0,4.0,7.0,3.0,1.0,2.0,18.0,19.1
186,186,1992-11-17,29.0,W,14.0,21.0,0.667,2.0,2.0,2.0,3.0,3.0,5.0,4.0,1.0,3.0,32.0,28.6
187,187,1992-11-19,29.0,W,14.0,22.0,0.636,2.0,4.0,5.0,5.0,6.0,2.0,2.0,0.0,2.0,35.0,28.4
188,188,1992-11-20,29.0,L,21.0,39.0,0.5379999999999999,1.0,2.0,11.0,14.0,13.0,7.0,1.0,3.0,5.0,54.0,41.2
189,189,1992-11-22,29.0,W,16.0,27.0,0.593,0.0,2.0,8.0,8.0,3.0,7.0,3.0,4.0,1.0,40.0,37.7
190,190,1992-11-24,29.0,W,18.0,30.0,0.6,1.0,3.0,12.0,14.0,5.0,7.0,1.0,1.0,3.0,49.0,39.5
191,191,1992-11-28,29.0,L,4.0,20.0,0.2,0.0,1.0,9.0,9.0,6.0,4.0,1.0,0.0,0.0,17.0,10.6
192,192,1992-12-04,29.0,W,15.0,25.0,0.6,1.0,1.0,7.0,9.0,13.0,2.0,1.0,0.0,1.0,38.0,32.2
193,193,1992-12-05,29.0,W,8.0,20.0,0.4,0.0,1.0,8.0,9.0,3.0,5.0,2.0,0.0,2.0,24.0,16.4
194,194,1992-12-08,29.0,L,14.0,28.0,0.5,2.0,4.0,2.0,2.0,12.0,8.0,1.0,0.0,2.0,32.0,25.4
195,195,1992-12-09,29.0,W,10.0,22.0,0.455,1.0,3.0,7.0,7.0,11.0,10.0,4.0,2.0,3.0,28.0,29.3
196,196,1992-12-11,29.0,L,11.0,23.0,0.478,1.0,3.0,3.0,3.0,11.0,4.0,0.0,1.0,4.0,26.0,17.1
197,197,1992-12-12,29.0,W,13.0,26.0,0.5,3.0,6.0,9.0,12.0,6.0,3.0,1.0,1.0,2.0,38.0,26.6
198,198,1992-12-15,29.0,W,11.0,21.0,0.524,3.0,3.0,0.0,0.0,4.0,6.0,3.0,2.0,5.0,25.0,19.5
199,199,1992-12-17,29.0,W,12.0,29.0,0.414,0.0,1.0,4.0,4.0,7.0,8.0,4.0,2.0,1.0,28.0,23.8
200,200,1992-12-19,29.0,L,11.0,26.0,0.423,1.0,4.0,0.0,0.0,10.0,10.0,4.0,1.0,1.0,23.0,22.9
201,201,1992-12-21,29.0,W,6.0,19.0,0.316,1.0,3.0,5.0,6.0,8.0,3.0,5.0,2.0,2.0,18.0,16.0
202,202,1992-12-23,29.0,W,22.0,37.0,0.595,6.0,8.0,7.0,8.0,2.0,10.0,3.0,1.0,1.0,57.0,48.6
203,203,1992-12-25,29.0,W,15.0,34.0,0.441,0.0,4.0,12.0,16.0,8.0,5.0,3.0,1.0,4.0,42.0,27.4
204,204,1992-12-26,29.0,W,8.0,22.0,0.364,1.0,3.0,0.0,0.0,9.0,8.0,1.0,0.0,2.0,17.0,11.3
205,205,1992-12-29,29.0,W,9.0,25.0,0.36,1.0,3.0,9.0,10.0,12.0,11.0,0.0,1.0,3.0,28.0,23.9
206,206,1992-12-30,29.0,W,9.0,18.0,0.5,0.0,1.0,21.0,24.0,6.0,8.0,3.0,2.0,1.0,39.0,39.2
207,207,1993-01-02,29.0,W,14.0,27.0,0.519,2.0,4.0,9.0,11.0,8.0,5.0,1.0,0.0,2.0,39.0,29.8
208,208,1993-01-05,29.0,L,15.0,31.0,0.484,1.0,6.0,5.0,6.0,4.0,5.0,2.0,1.0,1.0,36.0,24.7
209,209,1993-01-06,29.0,L,10.0,22.0,0.455,0.0,1.0,3.0,5.0,8.0,3.0,1.0,0.0,2.0,23.0,14.7
210,210,1993-01-08,29.0,W,15.0,26.0,0.5770000000000001,2.0,5.0,3.0,3.0,8.0,7.0,4.0,0.0,2.0,35.0,32.5
211,211,1993-01-09,29.0,L,13.0,36.0,0.361,0.0,4.0,4.0,4.0,11.0,6.0,2.0,0.0,3.0,30.0,15.3
212,212,1993-01-12,29.0,W,9.0,22.0,0.409,0.0,1.0,5.0,6.0,8.0,4.0,3.0,3.0,3.0,23.0,18.9
213,213,1993-01-15,29.0,W,10.0,19.0,0.526,1.0,2.0,5.0,5.0,12.0,10.0,5.0,2.0,2.0,26.0,32.1
214,214,1993-01-16,29.0,L,27.0,49.0,0.551,1.0,5.0,9.0,11.0,6.0,1.0,5.0,0.0,2.0,64.0,44.8
215,215,1993-01-18,29.0,W,10.0,22.0,0.455,0.0,1.0,9.0,10.0,8.0,3.0,4.0,1.0,2.0,29.0,25.6
216,216,1993-01-21,29.0,W,12.0,24.0,0.5,2.0,4.0,4.0,4.0,3.0,4.0,4.0,0.0,3.0,30.0,22.3
217,217,1993-01-22,29.0,L,10.0,26.0,0.385,0.0,2.0,8.0,11.0,6.0,2.0,3.0,1.0,1.0,28.0,17.7
218,218,1993-01-24,29.0,L,16.0,35.0,0.457,0.0,2.0,10.0,11.0,11.0,3.0,4.0,2.0,4.0,42.0,31.1
219,219,1993-01-26,29.0,W,7.0,15.0,0.467,1.0,4.0,0.0,0.0,10.0,4.0,3.0,0.0,3.0,15.0,12.7
220,220,1993-01-28,29.0,L,12.0,27.0,0.444,1.0,1.0,1.0,2.0,6.0,4.0,5.0,0.0,3.0,26.0,17.3
221,221,1993-01-30,29.0,L,14.0,31.0,0.452,0.0,2.0,11.0,15.0,7.0,5.0,4.0,1.0,3.0,39.0,29.0
222,222,1993-02-01,29.0,W,13.0,28.0,0.464,1.0,3.0,10.0,14.0,7.0,2.0,1.0,1.0,4.0,37.0,23.4
223,223,1993-02-03,29.0,W,14.0,26.0,0.5379999999999999,2.0,2.0,6.0,7.0,3.0,2.0,2.0,2.0,3.0,36.0,23.7
224,224,1993-02-04,29.0,W,13.0,34.0,0.382,0.0,3.0,7.0,7.0,6.0,4.0,2.0,1.0,3.0,33.0,17.5
225,225,1993-02-07,29.0,W,13.0,28.0,0.464,4.0,7.0,4.0,6.0,11.0,5.0,2.0,2.0,1.0,34.0,28.8
226,226,1993-02-10,29.0,W,16.0,27.0,0.593,1.0,3.0,7.0,9.0,9.0,8.0,6.0,0.0,3.0,40.0,37.6
227,227,1993-02-13,29.0,L,12.0,22.0,0.545,0.0,3.0,1.0,2.0,6.0,5.0,3.0,1.0,3.0,25.0,19.6
228,228,1993-02-15,29.0,W,12.0,21.0,0.5710000000000001,0.0,2.0,8.0,10.0,8.0,6.0,3.0,1.0,3.0,32.0,28.6
229,229,1993-02-17,30.0,W,10.0,25.0,0.4,2.0,6.0,5.0,7.0,8.0,6.0,3.0,0.0,3.0,27.0,20.1
230,230,1993-02-23,30.0,W,15.0,26.0,0.5770000000000001,0.0,1.0,4.0,6.0,3.0,4.0,3.0,1.0,2.0,34.0,25.6
231,231,1993-02-25,30.0,W,13.0,29.0,0.448,1.0,3.0,9.0,10.0,4.0,4.0,4.0,0.0,2.0,36.0,25.3
232,232,1993-02-27,30.0,W,13.0,27.0,0.481,3.0,4.0,5.0,5.0,9.0,8.0,2.0,0.0,2.0,34.0,29.0
233,233,1993-03-02,30.0,W,8.0,17.0,0.471,1.0,3.0,7.0,9.0,9.0,8.0,1.0,0.0,6.0,24.0,17.4
234,234,1993-03-09,30.0,W,15.0,28.0,0.536,0.0,3.0,8.0,9.0,4.0,9.0,6.0,1.0,2.0,38.0,35.8
235,235,1993-03-11,30.0,L,11.0,25.0,0.44,1.0,2.0,6.0,6.0,5.0,8.0,0.0,0.0,1.0,29.0,20.0
236,236,1993-03-12,30.0,W,21.0,35.0,0.6,2.0,4.0,8.0,9.0,9.0,5.0,2.0,1.0,0.0,52.0,44.4
237,237,1993-03-14,30.0,L,11.0,25.0,0.44,1.0,3.0,5.0,6.0,5.0,6.0,1.0,0.0,0.0,28.0,20.8
238,238,1993-03-15,30.0,W,10.0,22.0,0.455,0.0,1.0,3.0,4.0,9.0,4.0,4.0,0.0,7.0,23.0,13.7
239,239,1993-03-19,30.0,W,9.0,27.0,0.333,0.0,0.0,7.0,7.0,3.0,5.0,2.0,1.0,0.0,25.0,15.6
240,240,1993-03-20,30.0,W,16.0,27.0,0.593,2.0,2.0,13.0,15.0,8.0,4.0,2.0,0.0,1.0,47.0,39.1
241,241,1993-03-23,30.0,W,12.0,21.0,0.5710000000000001,4.0,6.0,6.0,6.0,5.0,7.0,5.0,1.0,3.0,34.0,33.2
242,242,1993-03-24,30.0,W,20.0,29.0,0.69,2.0,4.0,1.0,2.0,2.0,4.0,3.0,0.0,5.0,43.0,30.9
243,243,1993-03-26,30.0,W,5.0,14.0,0.35700000000000004,0.0,0.0,8.0,8.0,7.0,6.0,2.0,0.0,1.0,18.0,17.1
244,244,1993-03-30,30.0,L,19.0,31.0,0.613,0.0,6.0,6.0,7.0,3.0,5.0,4.0,0.0,3.0,44.0,34.5
245,245,1993-04-02,30.0,W,16.0,24.0,0.667,0.0,0.0,8.0,9.0,7.0,7.0,9.0,1.0,5.0,40.0,40.1
246,246,1993-04-04,30.0,W,14.0,23.0,0.609,1.0,1.0,3.0,6.0,5.0,2.0,2.0,0.0,4.0,32.0,20.8
247,247,1993-04-06,30.0,L,13.0,30.0,0.433,1.0,6.0,3.0,4.0,5.0,6.0,4.0,0.0,5.0,30.0,17.3
248,248,1993-04-09,30.0,W,12.0,23.0,0.522,1.0,3.0,5.0,5.0,12.0,4.0,4.0,2.0,7.0,30.0,23.1
249,249,1993-04-10,30.0,W,11.0,25.0,0.44,0.0,1.0,3.0,4.0,6.0,5.0,5.0,0.0,3.0,25.0,18.4
250,250,1993-04-12,30.0,W,9.0,21.0,0.429,0.0,4.0,5.0,5.0,6.0,4.0,2.0,0.0,3.0,23.0,14.3
251,251,1993-04-14,30.0,W,12.0,19.0,0.632,3.0,4.0,7.0,7.0,4.0,4.0,2.0,0.0,1.0,34.0,29.7
252,252,1993-04-16,30.0,W,15.0,25.0,0.6,0.0,3.0,17.0,21.0,7.0,5.0,5.0,0.0,1.0,47.0,43.5
253,253,1993-04-18,30.0,L,13.0,26.0,0.5,0.0,3.0,6.0,7.0,1.0,9.0,0.0,1.0,3.0,32.0,22.1
254,254,1993-04-20,30.0,W,12.0,22.0,0.545,3.0,6.0,1.0,1.0,3.0,4.0,8.0,0.0,1.0,28.0,28.1
255,255,1993-04-22,30.0,W,15.0,27.0,0.556,0.0,1.0,6.0,11.0,7.0,4.0,4.0,0.0,2.0,36.0,26.8
256,256,1993-04-23,30.0,L,15.0,27.0,0.556,1.0,2.0,7.0,8.0,4.0,3.0,0.0,0.0,2.0,38.0,25.2
257,257,1993-04-25,30.0,L,10.0,28.0,0.35700000000000004,0.0,2.0,1.0,3.0,6.0,7.0,1.0,1.0,4.0,21.0,10.6
258,258,1984-10-26,21.0,W,5.0,16.0,0.313,0.0,0.0,6.0,7.0,6.0,7.0,2.0,4.0,5.0,16.0,12.5
259,259,1984-10-27,21.0,L,8.0,13.0,0.615,0.0,0.0,5.0,5.0,5.0,5.0,2.0,1.0,3.0,21.0,19.4
260,260,1984-10-29,21.0,W,13.0,24.0,0.542,0.0,0.0,11.0,13.0,4.0,5.0,6.0,2.0,3.0,37.0,32.9
261,261,1984-10-30,21.0,W,8.0,21.0,0.381,0.0,0.0,9.0,9.0,4.0,5.0,3.0,1.0,6.0,25.0,14.7
262,262,1984-11-01,21.0,L,7.0,15.0,0.467,0.0,0.0,3.0,4.0,5.0,5.0,1.0,1.0,2.0,17.0,13.2
263,263,1984-11-07,21.0,W,9.0,19.0,0.474,0.0,0.0,7.0,9.0,4.0,3.0,3.0,1.0,5.0,25.0,14.9
264,264,1984-11-08,21.0,W,15.0,22.0,0.682,0.0,0.0,3.0,4.0,8.0,5.0,3.0,2.0,5.0,33.0,29.3
265,265,1984-11-10,21.0,W,9.0,22.0,0.409,0.0,0.0,9.0,12.0,9.0,4.0,2.0,5.0,3.0,27.0,21.2
266,266,1984-11-13,21.0,W,18.0,27.0,0.667,1.0,1.0,8.0,11.0,10.0,4.0,3.0,2.0,4.0,45.0,37.5
267,267,1984-11-15,21.0,L,12.0,24.0,0.5,0.0,1.0,3.0,3.0,2.0,2.0,2.0,1.0,1.0,27.0,17.1
268,268,1984-11-17,21.0,L,4.0,17.0,0.235,0.0,0.0,8.0,8.0,5.0,7.0,5.0,2.0,4.0,16.0,12.5
269,269,1984-11-19,21.0,L,11.0,26.0,0.423,0.0,3.0,12.0,16.0,5.0,2.0,2.0,1.0,3.0,34.0,20.8
270,270,1984-11-21,21.0,L,11.0,22.0,0.5,0.0,0.0,13.0,14.0,13.0,2.0,2.0,2.0,6.0,35.0,26.7
271,271,1984-11-23,21.0,W,9.0,13.0,0.6920000000000001,0.0,0.0,5.0,6.0,4.0,3.0,4.0,1.0,4.0,23.0,19.5
272,272,1984-11-24,21.0,L,10.0,24.0,0.417,0.0,1.0,10.0,10.0,6.0,8.0,3.0,1.0,4.0,30.0,23.9
273,273,1984-11-27,21.0,L,6.0,10.0,0.6,0.0,0.0,1.0,1.0,2.0,3.0,3.0,2.0,4.0,13.0,11.1
274,274,1984-11-29,21.0,L,9.0,17.0,0.529,1.0,1.0,3.0,4.0,3.0,2.0,2.0,0.0,2.0,22.0,14.0
275,275,1984-11-30,21.0,W,9.0,15.0,0.6,0.0,0.0,2.0,4.0,5.0,5.0,3.0,0.0,4.0,20.0,15.5
276,276,1984-12-02,21.0,W,7.0,13.0,0.5379999999999999,0.0,0.0,6.0,8.0,2.0,3.0,1.0,1.0,4.0,20.0,12.9
277,277,1984-12-04,21.0,W,7.0,13.0,0.5379999999999999,0.0,0.0,6.0,6.0,3.0,6.0,1.0,0.0,3.0,20.0,16.0
278,278,1984-12-07,21.0,W,8.0,16.0,0.5,0.0,1.0,5.0,7.0,2.0,3.0,2.0,0.0,6.0,21.0,9.3
279,279,1984-12-08,21.0,W,10.0,23.0,0.435,0.0,0.0,0.0,0.0,7.0,2.0,0.0,2.0,2.0,20.0,11.2
280,280,1984-12-11,21.0,L,13.0,28.0,0.464,0.0,1.0,1.0,3.0,8.0,6.0,2.0,0.0,3.0,27.0,16.2
281,281,1984-12-12,21.0,L,6.0,17.0,0.353,0.0,2.0,9.0,10.0,1.0,2.0,2.0,1.0,1.0,21.0,12.5
282,282,1984-12-14,21.0,L,12.0,25.0,0.48,0.0,0.0,10.0,10.0,8.0,8.0,1.0,0.0,0.0,34.0,29.5
283,283,1984-12-15,21.0,L,7.0,16.0,0.438,0.0,0.0,0.0,0.0,2.0,2.0,1.0,0.0,1.0,14.0,7.2
284,284,1984-12-18,21.0,L,8.0,20.0,0.4,0.0,1.0,2.0,4.0,3.0,8.0,3.0,0.0,1.0,18.0,14.5
285,285,1984-12-20,21.0,W,12.0,22.0,0.545,0.0,0.0,10.0,16.0,8.0,7.0,5.0,1.0,7.0,34.0,26.6
286,286,1984-12-22,21.0,W,12.0,18.0,0.667,0.0,0.0,8.0,8.0,12.0,8.0,0.0,3.0,3.0,32.0,31.7
287,287,1984-12-27,21.0,W,20.0,33.0,0.606,0.0,1.0,5.0,5.0,7.0,11.0,3.0,0.0,3.0,45.0,40.1
288,288,1984-12-29,21.0,L,7.0,18.0,0.389,0.0,0.0,7.0,9.0,4.0,5.0,0.0,0.0,3.0,21.0,10.1
289,289,1985-01-02,21.0,L,10.0,14.0,0.7140000000000001,0.0,0.0,5.0,6.0,7.0,4.0,3.0,0.0,4.0,25.0,22.3
290,290,1985-01-04,21.0,W,9.0,16.0,0.563,0.0,1.0,4.0,5.0,2.0,6.0,3.0,0.0,0.0,22.0,20.2
291,291,1985-01-05,21.0,L,16.0,25.0,0.64,0.0,0.0,10.0,11.0,7.0,4.0,2.0,1.0,3.0,42.0,35.5
292,292,1985-01-09,21.0,L,12.0,24.0,0.5,0.0,0.0,12.0,13.0,6.0,6.0,2.0,1.0,4.0,36.0,28.3
293,293,1985-01-11,21.0,W,8.0,14.0,0.5710000000000001,0.0,0.0,7.0,7.0,6.0,5.0,2.0,0.0,5.0,23.0,18.3
294,294,1985-01-12,21.0,L,10.0,21.0,0.476,0.0,1.0,4.0,6.0,12.0,3.0,1.0,0.0,3.0,24.0,15.8
295,295,1985-01-14,21.0,W,11.0,16.0,0.688,0.0,0.0,13.0,15.0,14.0,15.0,3.0,1.0,6.0,35.0,39.4
296,296,1985-01-16,21.0,L,8.0,17.0,0.471,0.0,1.0,11.0,12.0,7.0,7.0,2.0,0.0,6.0,27.0,20.1
297,297,1985-01-17,21.0,W,8.0,20.0,0.4,0.0,0.0,9.0,12.0,4.0,6.0,2.0,2.0,3.0,25.0,17.2
298,298,1985-01-19,21.0,L,15.0,27.0,0.556,2.0,4.0,6.0,8.0,12.0,7.0,3.0,2.0,2.0,38.0,34.0
299,299,1985-01-22,21.0,W,11.0,20.0,0.55,0.0,1.0,7.0,7.0,12.0,5.0,2.0,0.0,4.0,29.0,23.3
300,300,1985-01-25,21.0,W,6.0,15.0,0.4,0.0,1.0,10.0,10.0,4.0,8.0,4.0,2.0,1.0,22.0,24.7
301,301,1985-01-26,21.0,W,17.0,24.0,0.708,0.0,0.0,11.0,11.0,8.0,10.0,0.0,4.0,5.0,45.0,41.4
302,302,1985-01-29,21.0,W,11.0,17.0,0.647,0.0,0.0,4.0,6.0,7.0,7.0,3.0,0.0,1.0,26.0,25.5
303,303,1985-01-30,21.0,L,12.0,19.0,0.632,0.0,0.0,14.0,15.0,7.0,8.0,4.0,0.0,4.0,38.0,35.6
304,304,1985-02-01,21.0,L,9.0,16.0,0.563,0.0,2.0,13.0,14.0,6.0,5.0,2.0,0.0,3.0,31.0,25.3
305,305,1985-02-05,21.0,L,14.0,25.0,0.56,0.0,1.0,13.0,14.0,12.0,7.0,4.0,1.0,1.0,41.0,40.1
306,306,1985-02-07,21.0,L,8.0,17.0,0.471,0.0,0.0,7.0,8.0,4.0,7.0,4.0,0.0,7.0,23.0,15.8
307,307,1985-02-12,21.0,W,19.0,31.0,0.613,0.0,0.0,11.0,13.0,15.0,5.0,4.0,0.0,6.0,49.0,40.9
308,308,1985-02-15,21.0,L,8.0,20.0,0.4,0.0,1.0,1.0,2.0,7.0,6.0,0.0,2.0,4.0,17.0,9.5
309,309,1985-02-17,22.0,L,9.0,15.0,0.6,0.0,0.0,8.0,8.0,3.0,3.0,2.0,1.0,5.0,26.0,20.2
310,310,1985-02-19,22.0,L,6.0,13.0,0.462,0.0,2.0,4.0,5.0,6.0,8.0,0.0,0.0,3.0,16.0,12.9
311,311,1985-02-22,22.0,L,8.0,18.0,0.444,0.0,0.0,10.0,12.0,4.0,7.0,3.0,0.0,3.0,26.0,21.1
312,312,1985-02-23,22.0,W,15.0,20.0,0.75,0.0,0.0,8.0,8.0,5.0,5.0,3.0,0.0,0.0,38.0,36.8
313,313,1985-02-26,22.0,L,12.0,27.0,0.444,0.0,1.0,4.0,4.0,9.0,5.0,0.0,0.0,1.0,28.0,18.7
314,314,1985-02-27,22.0,L,8.0,17.0,0.471,0.0,1.0,8.0,9.0,6.0,2.0,4.0,1.0,4.0,24.0,18.0
315,315,1985-03-01,22.0,W,6.0,15.0,0.4,0.0,0.0,9.0,12.0,10.0,10.0,3.0,0.0,7.0,21.0,17.7
316,316,1985-03-03,22.0,L,13.0,21.0,0.619,0.0,0.0,11.0,12.0,14.0,5.0,3.0,1.0,3.0,37.0,37.1
317,317,1985-03-05,22.0,W,12.0,23.0,0.522,0.0,0.0,13.0,17.0,9.0,8.0,2.0,1.0,2.0,37.0,32.7
318,318,1985-03-06,22.0,W,13.0,28.0,0.464,0.0,0.0,7.0,7.0,7.0,3.0,5.0,2.0,5.0,33.0,24.2
319,319,1985-03-08,22.0,W,7.0,13.0,0.5379999999999999,1.0,2.0,11.0,14.0,8.0,7.0,0.0,1.0,1.0,26.0,25.1
320,320,1985-03-09,22.0,L,9.0,21.0,0.429,1.0,1.0,9.0,16.0,6.0,4.0,5.0,0.0,6.0,28.0,16.5
321,321,1985-03-11,22.0,L,6.0,14.0,0.429,0.0,0.0,9.0,10.0,4.0,4.0,0.0,0.0,4.0,21.0,12.8
322,322,1985-03-12,22.0,W,11.0,24.0,0.458,0.0,1.0,10.0,11.0,8.0,4.0,1.0,0.0,5.0,32.0,20.8
323,323,1985-03-14,22.0,L,5.0,18.0,0.278,0.0,0.0,6.0,11.0,3.0,8.0,1.0,0.0,1.0,16.0,9.1
324,324,1985-03-15,22.0,W,11.0,15.0,0.733,0.0,0.0,5.0,6.0,9.0,14.0,2.0,2.0,6.0,27.0,29.6
325,325,1985-03-17,22.0,W,11.0,25.0,0.44,0.0,3.0,10.0,13.0,11.0,16.0,1.0,1.0,3.0,32.0,31.3
326,326,1985-03-19,22.0,L,11.0,22.0,0.5,0.0,0.0,9.0,10.0,4.0,7.0,2.0,1.0,7.0,31.0,21.0
327,327,1985-03-20,22.0,L,14.0,23.0,0.609,0.0,1.0,10.0,12.0,7.0,4.0,3.0,0.0,2.0,38.0,31.8
328,328,1985-03-23,22.0,W,5.0,17.0,0.294,0.0,0.0,10.0,10.0,9.0,10.0,2.0,1.0,1.0,20.0,22.3
329,329,1985-03-24,22.0,L,9.0,24.0,0.375,0.0,0.0,8.0,11.0,9.0,6.0,4.0,2.0,3.0,26.0,21.3
330,330,1985-03-26,22.0,W,13.0,24.0,0.542,0.0,1.0,12.0,13.0,9.0,5.0,3.0,0.0,3.0,38.0,31.8
331,331,1985-03-28,22.0,L,11.0,25.0,0.44,1.0,3.0,12.0,14.0,8.0,10.0,2.0,0.0,2.0,35.0,30.5
332,332,1985-03-30,22.0,L,13.0,19.0,0.684,1.0,1.0,11.0,13.0,5.0,6.0,1.0,0.0,3.0,38.0,33.2
333,333,1985-04-02,22.0,W,12.0,19.0,0.632,0.0,0.0,7.0,8.0,8.0,9.0,3.0,0.0,7.0,31.0,28.4
334,334,1985-04-03,22.0,W,12.0,19.0,0.632,0.0,1.0,1.0,3.0,6.0,3.0,4.0,0.0,2.0,25.0,20.0
335,335,1985-04-05,22.0,L,13.0,21.0,0.619,0.0,1.0,14.0,15.0,1.0,5.0,3.0,0.0,2.0,40.0,32.5
336,336,1985-04-06,22.0,W,12.0,18.0,0.667,0.0,0.0,9.0,9.0,7.0,4.0,3.0,2.0,7.0,33.0,26.7
337,337,1985-04-08,22.0,L,6.0,20.0,0.3,0.0,1.0,10.0,14.0,8.0,5.0,3.0,0.0,5.0,22.0,12.7
338,338,1985-04-12,22.0,L,11.0,16.0,0.688,0.0,1.0,6.0,7.0,3.0,6.0,5.0,0.0,7.0,28.0,23.5
339,339,1985-04-13,22.0,L,9.0,24.0,0.375,1.0,5.0,10.0,11.0,2.0,9.0,1.0,0.0,4.0,29.0,18.9
340,340,1990-11-02,27.0,L,14.0,24.0,0.583,1.0,3.0,5.0,5.0,5.0,7.0,7.0,0.0,5.0,34.0,30.8
341,341,1990-11-03,27.0,L,11.0,22.0,0.5,0.0,0.0,6.0,9.0,10.0,1.0,1.0,0.0,2.0,28.0,19.3
342,342,1990-11-06,27.0,L,14.0,28.0,0.5,0.0,1.0,5.0,6.0,8.0,12.0,3.0,0.0,2.0,33.0,30.0
343,343,1990-11-07,27.0,W,7.0,14.0,0.5,0.0,0.0,3.0,5.0,5.0,6.0,0.0,1.0,1.0,17.0,13.4
344,344,1990-11-09,27.0,W,17.0,25.0,0.68,0.0,1.0,7.0,8.0,5.0,6.0,2.0,0.0,3.0,41.0,33.8
345,345,1990-11-10,27.0,W,8.0,15.0,0.5329999999999999,0.0,0.0,7.0,8.0,6.0,8.0,3.0,0.0,3.0,23.0,22.7
346,346,1990-11-13,27.0,W,10.0,22.0,0.455,1.0,1.0,8.0,10.0,11.0,5.0,1.0,2.0,1.0,29.0,25.8
347,347,1990-11-15,27.0,L,6.0,12.0,0.5,0.0,1.0,2.0,3.0,8.0,6.0,1.0,1.0,2.0,14.0,13.1
348,348,1990-11-17,27.0,W,13.0,20.0,0.65,0.0,0.0,7.0,8.0,4.0,3.0,7.0,1.0,1.0,33.0,34.2
349,349,1990-11-18,27.0,L,12.0,25.0,0.48,0.0,2.0,5.0,6.0,5.0,7.0,1.0,1.0,2.0,29.0,20.4
350,350,1990-11-21,27.0,L,15.0,32.0,0.469,0.0,0.0,4.0,4.0,4.0,4.0,4.0,0.0,3.0,34.0,22.2
351,351,1990-11-23,27.0,W,5.0,12.0,0.417,0.0,0.0,4.0,4.0,6.0,7.0,3.0,0.0,2.0,14.0,15.3
352,352,1990-11-24,27.0,W,14.0,24.0,0.583,0.0,0.0,10.0,10.0,7.0,12.0,3.0,1.0,3.0,38.0,37.2
353,353,1990-11-28,27.0,W,11.0,15.0,0.733,0.0,0.0,2.0,3.0,2.0,7.0,3.0,1.0,1.0,24.0,24.9
354,354,1990-11-30,27.0,W,15.0,19.0,0.789,0.0,0.0,7.0,9.0,5.0,3.0,2.0,2.0,1.0,37.0,33.7
355,355,1990-12-01,27.0,W,13.0,18.0,0.722,1.0,1.0,5.0,6.0,2.0,4.0,2.0,0.0,1.0,32.0,27.8
356,356,1990-12-04,27.0,W,12.0,22.0,0.545,0.0,0.0,3.0,3.0,4.0,7.0,0.0,1.0,2.0,27.0,19.6
357,357,1990-12-07,27.0,W,14.0,25.0,0.56,0.0,2.0,5.0,7.0,7.0,9.0,8.0,1.0,2.0,33.0,35.8
358,358,1990-12-08,27.0,L,16.0,28.0,0.5710000000000001,0.0,2.0,3.0,4.0,6.0,3.0,2.0,2.0,5.0,35.0,22.5
359,359,1990-12-11,27.0,L,13.0,23.0,0.565,0.0,0.0,5.0,7.0,4.0,5.0,3.0,1.0,4.0,31.0,22.9
360,360,1990-12-14,27.0,W,8.0,15.0,0.5329999999999999,0.0,0.0,4.0,6.0,8.0,8.0,1.0,2.0,3.0,20.0,18.9
361,361,1990-12-15,27.0,W,11.0,17.0,0.647,0.0,0.0,2.0,2.0,9.0,6.0,5.0,3.0,2.0,24.0,30.1
362,362,1990-12-18,27.0,W,14.0,22.0,0.636,0.0,0.0,11.0,12.0,9.0,6.0,6.0,2.0,2.0,39.0,41.5
363,363,1990-12-19,27.0,L,13.0,22.0,0.591,0.0,1.0,7.0,7.0,5.0,6.0,1.0,0.0,1.0,33.0,28.9
364,364,1990-12-21,27.0,W,14.0,30.0,0.467,0.0,2.0,5.0,6.0,15.0,9.0,2.0,1.0,1.0,33.0,31.7
365,365,1990-12-22,27.0,W,10.0,20.0,0.5,0.0,0.0,9.0,12.0,7.0,5.0,0.0,2.0,2.0,29.0,22.0
366,366,1990-12-25,27.0,W,14.0,23.0,0.609,1.0,1.0,8.0,10.0,8.0,3.0,3.0,2.0,3.0,37.0,30.8
367,367,1990-12-27,27.0,W,17.0,25.0,0.68,1.0,2.0,7.0,7.0,14.0,7.0,3.0,1.0,1.0,42.0,42.3
368,368,1990-12-29,27.0,W,10.0,24.0,0.417,0.0,2.0,11.0,11.0,10.0,4.0,4.0,0.0,2.0,31.0,26.4
369,369,1991-01-03,27.0,L,13.0,22.0,0.591,0.0,0.0,6.0,7.0,3.0,7.0,3.0,1.0,4.0,32.0,26.1
370,370,1991-01-05,27.0,W,12.0,26.0,0.462,0.0,0.0,6.0,7.0,3.0,4.0,4.0,3.0,3.0,30.0,21.8
371,371,1991-01-08,27.0,W,18.0,28.0,0.643,1.0,1.0,4.0,5.0,6.0,4.0,2.0,2.0,1.0,41.0,35.6
372,372,1991-01-09,27.0,W,16.0,27.0,0.593,0.0,1.0,8.0,11.0,4.0,9.0,0.0,1.0,1.0,40.0,32.3
373,373,1991-01-11,27.0,W,12.0,23.0,0.522,0.0,1.0,7.0,7.0,6.0,6.0,2.0,1.0,5.0,31.0,21.8
374,374,1991-01-12,27.0,W,11.0,21.0,0.524,0.0,0.0,11.0,13.0,3.0,3.0,2.0,0.0,5.0,33.0,21.5
375,375,1991-01-14,27.0,W,13.0,27.0,0.481,1.0,3.0,7.0,7.0,10.0,9.0,3.0,2.0,2.0,34.0,30.4
376,376,1991-01-16,27.0,W,11.0,27.0,0.407,0.0,0.0,7.0,8.0,4.0,4.0,3.0,1.0,2.0,29.0,17.8
377,377,1991-01-18,27.0,L,13.0,28.0,0.464,0.0,1.0,4.0,4.0,7.0,8.0,3.0,0.0,4.0,30.0,21.5
378,378,1991-01-21,27.0,W,17.0,28.0,0.607,0.0,2.0,3.0,5.0,6.0,5.0,3.0,1.0,3.0,37.0,29.4
379,379,1991-01-23,27.0,L,9.0,23.0,0.391,1.0,1.0,16.0,19.0,6.0,5.0,4.0,0.0,2.0,35.0,28.6
380,380,1991-01-25,27.0,W,10.0,14.0,0.7140000000000001,3.0,3.0,3.0,4.0,3.0,2.0,6.0,0.0,3.0,26.0,24.3
381,381,1991-01-31,27.0,L,9.0,22.0,0.409,1.0,1.0,17.0,18.0,3.0,3.0,3.0,0.0,3.0,36.0,24.4
382,382,1991-02-01,27.0,W,10.0,18.0,0.556,0.0,0.0,11.0,16.0,6.0,8.0,2.0,0.0,2.0,31.0,28.2
383,383,1991-02-03,27.0,L,10.0,22.0,0.455,0.0,0.0,3.0,3.0,7.0,9.0,6.0,1.0,2.0,23.0,24.7
384,384,1991-02-04,27.0,W,7.0,14.0,0.5,0.0,0.0,10.0,11.0,2.0,5.0,2.0,0.0,3.0,24.0,18.5
385,385,1991-02-07,27.0,W,10.0,21.0,0.476,0.0,2.0,10.0,12.0,9.0,3.0,0.0,2.0,2.0,30.0,22.7
386,386,1991-02-12,27.0,W,12.0,22.0,0.545,1.0,2.0,7.0,9.0,4.0,7.0,2.0,2.0,3.0,32.0,26.3
387,387,1991-02-14,27.0,W,13.0,20.0,0.65,1.0,2.0,2.0,2.0,2.0,3.0,2.0,3.0,0.0,29.0,26.2
388,388,1991-02-16,27.0,W,11.0,26.0,0.423,1.0,1.0,3.0,4.0,11.0,7.0,3.0,0.0,7.0,26.0,16.8
389,389,1991-02-18,28.0,W,11.0,24.0,0.458,0.0,1.0,10.0,11.0,6.0,5.0,5.0,2.0,3.0,32.0,27.1
390,390,1991-02-19,28.0,W,15.0,27.0,0.556,0.0,1.0,10.0,10.0,12.0,4.0,1.0,0.0,2.0,40.0,32.1
391,391,1991-02-22,28.0,W,11.0,17.0,0.647,1.0,1.0,11.0,11.0,3.0,4.0,6.0,0.0,0.0,34.0,35.8
392,392,1991-02-23,28.0,W,12.0,22.0,0.545,1.0,3.0,4.0,5.0,3.0,3.0,3.0,2.0,0.0,29.0,24.6
393,393,1991-02-26,28.0,W,17.0,29.0,0.586,1.0,1.0,4.0,8.0,8.0,4.0,5.0,3.0,0.0,39.0,36.6
394,394,1991-03-01,28.0,W,11.0,20.0,0.55,1.0,1.0,6.0,6.0,11.0,8.0,2.0,0.0,5.0,29.0,24.9
395,395,1991-03-02,28.0,L,8.0,23.0,0.348,0.0,1.0,6.0,6.0,5.0,2.0,6.0,0.0,3.0,22.0,13.4
396,396,1991-03-05,28.0,W,9.0,23.0,0.391,0.0,0.0,12.0,13.0,9.0,2.0,2.0,1.0,5.0,30.0,18.5
397,397,1991-03-08,28.0,W,14.0,29.0,0.483,0.0,0.0,9.0,10.0,5.0,2.0,3.0,0.0,1.0,37.0,26.0
398,398,1991-03-10,28.0,W,10.0,13.0,0.769,1.0,1.0,4.0,4.0,9.0,9.0,1.0,1.0,6.0,25.0,23.8
399,399,1991-03-12,28.0,W,7.0,15.0,0.467,1.0,5.0,5.0,5.0,5.0,10.0,1.0,0.0,1.0,20.0,20.8
400,400,1991-03-13,28.0,W,15.0,26.0,0.5770000000000001,0.0,1.0,9.0,14.0,8.0,4.0,3.0,2.0,1.0,39.0,32.2
401,401,1991-03-15,28.0,W,12.0,21.0,0.5710000000000001,0.0,1.0,10.0,12.0,5.0,8.0,2.0,1.0,4.0,34.0,28.3
402,402,1991-03-16,28.0,W,14.0,25.0,0.56,0.0,2.0,9.0,10.0,3.0,3.0,5.0,0.0,2.0,37.0,29.5
403,403,1991-03-18,28.0,W,11.0,19.0,0.579,2.0,3.0,7.0,7.0,6.0,2.0,0.0,1.0,3.0,31.0,22.2
404,404,1991-03-20,28.0,W,9.0,14.0,0.643,2.0,2.0,2.0,3.0,5.0,11.0,0.0,1.0,3.0,22.0,21.1
405,405,1991-03-22,28.0,L,8.0,23.0,0.348,0.0,2.0,4.0,5.0,5.0,5.0,2.0,1.0,4.0,20.0,8.8
406,406,1991-03-23,28.0,W,15.0,25.0,0.6,0.0,1.0,9.0,9.0,2.0,5.0,3.0,2.0,2.0,39.0,32.4
407,407,1991-03-25,28.0,L,15.0,25.0,0.6,0.0,2.0,4.0,7.0,7.0,4.0,3.0,3.0,0.0,34.0,32.1
408,408,1991-03-28,28.0,W,16.0,26.0,0.615,0.0,0.0,10.0,11.0,1.0,4.0,0.0,2.0,3.0,42.0,30.1
409,409,1991-03-29,28.0,W,7.0,17.0,0.412,1.0,2.0,5.0,5.0,5.0,5.0,2.0,1.0,1.0,20.0,16.8
410,410,1991-03-31,28.0,L,12.0,36.0,0.333,0.0,3.0,13.0,13.0,7.0,9.0,2.0,0.0,4.0,37.0,23.0
411,411,1991-04-02,28.0,W,17.0,26.0,0.654,0.0,0.0,10.0,12.0,4.0,6.0,5.0,2.0,4.0,44.0,38.8
412,412,1991-04-04,28.0,W,15.0,30.0,0.5,0.0,1.0,4.0,5.0,8.0,4.0,3.0,0.0,2.0,34.0,25.2
413,413,1991-04-05,28.0,L,13.0,26.0,0.5,1.0,4.0,12.0,14.0,5.0,9.0,5.0,2.0,5.0,39.0,32.8
414,414,1991-04-07,28.0,L,16.0,27.0,0.593,0.0,0.0,9.0,14.0,4.0,5.0,4.0,2.0,0.0,41.0,36.2
415,415,1991-04-09,28.0,W,10.0,18.0,0.556,1.0,3.0,7.0,8.0,6.0,8.0,1.0,0.0,0.0,28.0,27.4
416,416,1991-04-10,28.0,W,12.0,21.0,0.5710000000000001,0.0,0.0,4.0,6.0,5.0,4.0,0.0,1.0,2.0,28.0,19.1
417,417,1991-04-12,28.0,L,13.0,24.0,0.542,1.0,2.0,13.0,15.0,8.0,4.0,0.0,1.0,3.0,40.0,29.7
418,418,1991-04-15,28.0,W,17.0,27.0,0.63,0.0,1.0,12.0,14.0,5.0,2.0,3.0,2.0,5.0,46.0,34.2
419,419,1991-04-17,28.0,W,9.0,20.0,0.45,0.0,2.0,8.0,9.0,5.0,5.0,3.0,0.0,2.0,26.0,21.2
420,420,1991-04-19,28.0,W,15.0,22.0,0.682,0.0,1.0,11.0,13.0,5.0,5.0,4.0,2.0,4.0,41.0,36.4
421,421,1991-04-21,28.0,W,6.0,15.0,0.4,0.0,2.0,6.0,6.0,3.0,1.0,2.0,0.0,2.0,18.0,11.5
422,422,1989-11-03,26.0,W,19.0,31.0,0.613,1.0,2.0,15.0,17.0,14.0,6.0,3.0,1.0,0.0,54.0,51.2
423,423,1989-11-04,26.0,L,10.0,18.0,0.556,0.0,3.0,4.0,6.0,5.0,6.0,5.0,1.0,4.0,24.0,20.0
424,424,1989-11-07,26.0,W,13.0,24.0,0.542,0.0,2.0,14.0,17.0,5.0,7.0,3.0,0.0,4.0,40.0,33.0
425,425,1989-11-08,26.0,W,15.0,24.0,0.625,1.0,1.0,14.0,14.0,6.0,2.0,2.0,0.0,3.0,45.0,36.0
426,426,1989-11-10,26.0,L,8.0,22.0,0.364,0.0,0.0,10.0,11.0,6.0,5.0,2.0,0.0,2.0,26.0,18.3
427,427,1989-11-11,26.0,W,8.0,15.0,0.5329999999999999,1.0,2.0,8.0,9.0,4.0,6.0,3.0,1.0,4.0,25.0,20.8
428,428,1989-11-14,26.0,W,11.0,25.0,0.44,1.0,1.0,4.0,8.0,13.0,7.0,2.0,0.0,4.0,27.0,20.7
429,429,1989-11-15,26.0,L,12.0,26.0,0.462,0.0,3.0,16.0,19.0,10.0,3.0,1.0,0.0,2.0,40.0,28.7
430,430,1989-11-18,26.0,L,12.0,26.0,0.462,3.0,8.0,5.0,7.0,6.0,7.0,1.0,0.0,2.0,32.0,23.5
431,431,1989-11-21,26.0,L,5.0,13.0,0.385,1.0,3.0,5.0,6.0,0.0,7.0,2.0,0.0,4.0,16.0,11.0
432,432,1989-11-22,26.0,W,12.0,30.0,0.4,1.0,3.0,9.0,10.0,7.0,7.0,2.0,0.0,2.0,34.0,24.4
433,433,1989-11-25,26.0,W,12.0,29.0,0.414,1.0,5.0,4.0,5.0,14.0,9.0,3.0,0.0,3.0,29.0,24.8
434,434,1989-11-26,26.0,L,9.0,18.0,0.5,1.0,2.0,7.0,10.0,7.0,4.0,2.0,2.0,7.0,26.0,17.1
435,435,1989-11-28,26.0,W,8.0,15.0,0.5329999999999999,0.0,0.0,6.0,6.0,9.0,13.0,3.0,0.0,4.0,22.0,23.9
436,436,1989-12-02,26.0,W,11.0,16.0,0.688,0.0,0.0,14.0,15.0,5.0,7.0,0.0,1.0,5.0,36.0,30.1
437,437,1989-12-05,26.0,W,15.0,27.0,0.556,0.0,1.0,5.0,5.0,17.0,7.0,1.0,1.0,1.0,35.0,36.0
438,438,1989-12-08,26.0,L,14.0,25.0,0.56,1.0,3.0,7.0,9.0,8.0,10.0,4.0,1.0,4.0,36.0,31.8
439,439,1989-12-09,26.0,W,13.0,21.0,0.619,3.0,6.0,0.0,0.0,9.0,9.0,1.0,0.0,1.0,29.0,27.3
440,440,1989-12-12,26.0,W,18.0,29.0,0.621,2.0,2.0,3.0,4.0,7.0,7.0,2.0,1.0,2.0,41.0,35.2
441,441,1989-12-14,26.0,W,14.0,20.0,0.7,3.0,3.0,7.0,9.0,7.0,5.0,2.0,0.0,1.0,38.0,35.4
442,442,1989-12-16,26.0,W,13.0,28.0,0.464,0.0,1.0,7.0,10.0,9.0,7.0,2.0,2.0,0.0,33.0,28.4
443,443,1989-12-19,26.0,W,15.0,29.0,0.517,2.0,4.0,5.0,5.0,7.0,5.0,2.0,1.0,7.0,37.0,23.6
444,444,1989-12-20,26.0,L,20.0,37.0,0.541,2.0,3.0,10.0,10.0,5.0,7.0,4.0,0.0,3.0,52.0,40.7
445,445,1989-12-22,26.0,W,10.0,17.0,0.588,2.0,3.0,7.0,8.0,4.0,4.0,2.0,0.0,4.0,29.0,21.1
446,446,1989-12-23,26.0,L,5.0,13.0,0.385,0.0,1.0,6.0,6.0,4.0,6.0,2.0,0.0,4.0,16.0,11.9
447,447,1989-12-26,26.0,W,12.0,17.0,0.706,3.0,5.0,1.0,2.0,2.0,4.0,4.0,1.0,3.0,28.0,24.4
448,448,1989-12-29,26.0,W,10.0,26.0,0.385,1.0,2.0,13.0,15.0,5.0,7.0,3.0,0.0,4.0,34.0,23.2
449,449,1989-12-30,26.0,W,13.0,26.0,0.5,0.0,2.0,2.0,2.0,7.0,10.0,4.0,3.0,3.0,28.0,26.0
450,450,1990-01-03,26.0,W,15.0,32.0,0.469,0.0,3.0,8.0,9.0,8.0,8.0,4.0,0.0,1.0,38.0,31.0
451,451,1990-01-05,26.0,W,19.0,31.0,0.613,2.0,5.0,3.0,3.0,4.0,6.0,4.0,0.0,3.0,43.0,33.7
452,452,1990-01-06,26.0,L,13.0,23.0,0.565,3.0,7.0,6.0,7.0,9.0,5.0,5.0,1.0,6.0,35.0,28.8
453,453,1990-01-09,26.0,L,6.0,17.0,0.353,1.0,3.0,3.0,4.0,8.0,5.0,2.0,1.0,4.0,16.0,11.1
454,454,1990-01-10,26.0,L,13.0,30.0,0.433,1.0,3.0,8.0,8.0,7.0,5.0,2.0,1.0,2.0,35.0,26.3
455,455,1990-01-12,26.0,W,19.0,28.0,0.679,0.0,1.0,7.0,9.0,4.0,6.0,1.0,0.0,2.0,45.0,35.8
456,456,1990-01-13,26.0,W,11.0,21.0,0.524,2.0,4.0,4.0,6.0,5.0,10.0,4.0,0.0,0.0,28.0,29.0
457,457,1990-01-15,26.0,L,9.0,24.0,0.375,0.0,2.0,8.0,9.0,4.0,8.0,3.0,0.0,5.0,26.0,16.4
458,458,1990-01-18,26.0,W,17.0,30.0,0.5670000000000001,7.0,12.0,3.0,3.0,12.0,8.0,1.0,2.0,2.0,44.0,39.4
459,459,1990-01-19,26.0,W,12.0,24.0,0.5,0.0,3.0,12.0,16.0,9.0,3.0,7.0,0.0,7.0,36.0,28.0
460,460,1990-01-21,26.0,W,10.0,17.0,0.588,4.0,5.0,18.0,20.0,10.0,7.0,4.0,2.0,4.0,42.0,41.4
461,461,1990-01-23,26.0,L,11.0,31.0,0.355,1.0,6.0,9.0,11.0,6.0,2.0,2.0,1.0,4.0,32.0,14.6
462,462,1990-01-26,26.0,L,12.0,27.0,0.444,0.0,2.0,7.0,9.0,5.0,11.0,2.0,0.0,1.0,31.0,25.9
463,463,1990-01-27,26.0,W,15.0,25.0,0.6,1.0,3.0,8.0,8.0,7.0,4.0,4.0,0.0,3.0,39.0,33.0
464,464,1990-01-29,26.0,W,7.0,14.0,0.5,0.0,2.0,2.0,3.0,7.0,9.0,1.0,1.0,4.0,16.0,14.7
465,465,1990-02-01,26.0,L,16.0,31.0,0.516,0.0,2.0,3.0,4.0,6.0,5.0,2.0,0.0,3.0,35.0,24.4
466,466,1990-02-03,26.0,L,17.0,32.0,0.531,2.0,4.0,8.0,8.0,3.0,5.0,2.0,0.0,3.0,44.0,31.8
467,467,1990-02-07,26.0,L,12.0,21.0,0.5710000000000001,0.0,1.0,8.0,12.0,4.0,4.0,0.0,1.0,8.0,32.0,16.0
468,468,1990-02-08,26.0,L,5.0,18.0,0.278,1.0,2.0,4.0,6.0,1.0,8.0,1.0,1.0,4.0,15.0,6.4
469,469,1990-02-13,26.0,W,8.0,16.0,0.5,0.0,1.0,10.0,11.0,4.0,6.0,3.0,0.0,3.0,26.0,21.8
470,470,1990-02-14,26.0,L,21.0,43.0,0.488,0.0,2.0,7.0,10.0,7.0,2.0,0.0,1.0,0.0,49.0,30.3
471,471,1990-02-16,26.0,W,10.0,14.0,0.7140000000000001,1.0,2.0,5.0,6.0,3.0,4.0,2.0,0.0,5.0,26.0,19.7
472,472,1990-02-18,27.0,W,15.0,26.0,0.5770000000000001,0.0,2.0,9.0,10.0,3.0,4.0,2.0,1.0,0.0,39.0,31.6
473,473,1990-02-19,27.0,W,11.0,25.0,0.44,0.0,0.0,8.0,9.0,6.0,9.0,2.0,0.0,5.0,30.0,21.2
474,474,1990-02-23,27.0,W,12.0,25.0,0.48,2.0,2.0,9.0,10.0,10.0,10.0,1.0,0.0,6.0,35.0,26.1
475,475,1990-02-25,27.0,W,12.0,24.0,0.5,0.0,1.0,8.0,9.0,8.0,8.0,2.0,2.0,5.0,32.0,24.8
476,476,1990-02-27,27.0,W,13.0,25.0,0.52,0.0,1.0,17.0,19.0,6.0,6.0,3.0,0.0,3.0,43.0,35.1
477,477,1990-03-02,27.0,W,8.0,12.0,0.667,2.0,4.0,5.0,6.0,4.0,4.0,1.0,2.0,0.0,23.0,23.0
478,478,1990-03-04,27.0,W,11.0,23.0,0.478,1.0,1.0,13.0,15.0,6.0,11.0,4.0,0.0,2.0,36.0,33.4
479,479,1990-03-06,27.0,W,14.0,26.0,0.5379999999999999,2.0,4.0,5.0,6.0,8.0,6.0,4.0,0.0,2.0,35.0,29.4
480,480,1990-03-08,27.0,L,12.0,29.0,0.414,0.0,6.0,19.0,22.0,7.0,4.0,7.0,0.0,3.0,43.0,35.2
481,481,1990-03-10,27.0,W,17.0,27.0,0.63,1.0,2.0,10.0,10.0,7.0,3.0,5.0,1.0,2.0,45.0,39.6
482,482,1990-03-13,27.0,W,11.0,19.0,0.579,1.0,3.0,11.0,12.0,8.0,7.0,1.0,1.0,4.0,34.0,29.7
483,483,1990-03-16,27.0,L,8.0,17.0,0.471,3.0,5.0,1.0,3.0,8.0,7.0,1.0,0.0,3.0,20.0,14.6
484,484,1990-03-17,27.0,W,13.0,21.0,0.619,3.0,6.0,3.0,4.0,8.0,10.0,2.0,1.0,2.0,32.0,32.2
485,485,1990-03-20,27.0,W,8.0,19.0,0.421,1.0,2.0,4.0,4.0,8.0,5.0,2.0,2.0,3.0,21.0,17.6
486,486,1990-03-21,27.0,W,10.0,20.0,0.5,0.0,2.0,7.0,9.0,4.0,6.0,5.0,0.0,1.0,27.0,25.6
487,487,1990-03-23,27.0,W,18.0,32.0,0.563,0.0,3.0,5.0,6.0,6.0,5.0,5.0,1.0,3.0,41.0,33.8
488,488,1990-03-24,27.0,L,16.0,28.0,0.5710000000000001,2.0,3.0,9.0,10.0,5.0,6.0,5.0,0.0,1.0,43.0,38.3
489,489,1990-03-26,27.0,W,14.0,24.0,0.583,0.0,1.0,0.0,0.0,12.0,5.0,6.0,0.0,2.0,28.0,29.5
490,490,1990-03-28,27.0,W,23.0,37.0,0.622,2.0,6.0,21.0,23.0,18.0,6.0,4.0,1.0,2.0,69.0,64.6
491,491,1990-03-30,27.0,W,20.0,34.0,0.588,1.0,3.0,8.0,9.0,12.0,4.0,5.0,2.0,2.0,49.0,42.8
492,492,1990-04-01,27.0,W,20.0,29.0,0.69,1.0,2.0,6.0,9.0,6.0,7.0,3.0,3.0,5.0,47.0,40.3
493,493,1990-04-03,27.0,W,8.0,19.0,0.421,1.0,4.0,12.0,12.0,4.0,10.0,0.0,2.0,0.0,29.0,27.3
494,494,1990-04-05,27.0,W,14.0,23.0,0.609,2.0,6.0,8.0,10.0,7.0,3.0,4.0,1.0,2.0,38.0,33.2
495,495,1990-04-07,27.0,W,15.0,26.0,0.5770000000000001,3.0,5.0,10.0,13.0,3.0,4.0,2.0,1.0,0.0,43.0,35.6
496,496,1990-04-11,27.0,W,9.0,15.0,0.6,1.0,4.0,3.0,4.0,5.0,7.0,3.0,1.0,2.0,22.0,21.2
497,497,1990-04-13,27.0,W,10.0,16.0,0.625,1.0,4.0,5.0,6.0,6.0,10.0,8.0,2.0,4.0,26.0,31.8
498,498,1990-04-14,27.0,L,10.0,21.0,0.476,1.0,2.0,0.0,1.0,3.0,5.0,1.0,0.0,2.0,21.0,12.1
499,499,1990-04-16,27.0,L,11.0,24.0,0.458,0.0,2.0,1.0,2.0,7.0,6.0,4.0,0.0,6.0,23.0,13.7
500,500,1990-04-17,27.0,W,13.0,24.0,0.542,2.0,3.0,7.0,8.0,11.0,6.0,2.0,1.0,6.0,35.0,26.4
501,501,1990-04-19,27.0,W,12.0,26.0,0.462,2.0,5.0,6.0,6.0,6.0,7.0,5.0,1.0,3.0,32.0,27.6
502,502,1990-04-20,27.0,L,21.0,29.0,0.7240000000000001,0.0,2.0,3.0,3.0,8.0,9.0,3.0,0.0,3.0,45.0,40.2
503,503,1990-04-22,27.0,L,10.0,23.0,0.435,1.0,3.0,1.0,2.0,10.0,4.0,2.0,0.0,2.0,22.0,15.3
504,504,1995-03-19,32.0,L,7.0,28.0,0.25,0.0,4.0,5.0,6.0,6.0,6.0,3.0,0.0,3.0,19.0,7.4
505,505,1995-03-22,32.0,W,9.0,17.0,0.529,1.0,3.0,8.0,8.0,3.0,3.0,2.0,1.0,0.0,27.0,22.8
506,506,1995-03-24,32.0,L,7.0,23.0,0.304,0.0,2.0,7.0,11.0,4.0,8.0,5.0,2.0,2.0,21.0,16.5
507,507,1995-03-25,32.0,W,14.0,26.0,0.5379999999999999,0.0,1.0,4.0,4.0,4.0,2.0,1.0,0.0,0.0,32.0,22.2
508,508,1995-03-28,32.0,W,21.0,37.0,0.568,3.0,4.0,10.0,11.0,4.0,2.0,1.0,0.0,2.0,55.0,37.5
509,509,1995-03-30,32.0,W,8.0,17.0,0.471,2.0,2.0,5.0,7.0,11.0,6.0,0.0,0.0,4.0,23.0,16.2
510,510,1995-04-01,32.0,W,5.0,19.0,0.263,0.0,1.0,2.0,4.0,5.0,6.0,1.0,1.0,3.0,12.0,3.9
511,511,1995-04-05,32.0,W,13.0,31.0,0.419,1.0,1.0,10.0,14.0,11.0,2.0,3.0,1.0,2.0,37.0,25.3
512,512,1995-04-07,32.0,W,9.0,27.0,0.333,1.0,2.0,9.0,10.0,8.0,9.0,2.0,1.0,4.0,28.0,17.7
513,513,1995-04-09,32.0,L,9.0,26.0,0.34600000000000003,2.0,3.0,1.0,2.0,9.0,5.0,1.0,1.0,3.0,21.0,11.7
514,514,1995-04-11,32.0,W,8.0,27.0,0.29600000000000004,1.0,1.0,8.0,10.0,11.0,6.0,1.0,2.0,1.0,25.0,16.6
515,515,1995-04-12,32.0,W,12.0,23.0,0.522,1.0,2.0,4.0,4.0,9.0,9.0,0.0,0.0,4.0,29.0,21.5
516,516,1995-04-16,32.0,W,8.0,19.0,0.421,0.0,0.0,12.0,14.0,6.0,4.0,3.0,1.0,1.0,28.0,25.2
517,517,1995-04-17,32.0,W,9.0,21.0,0.429,0.0,0.0,13.0,16.0,5.0,4.0,3.0,0.0,1.0,31.0,24.2
518,518,1995-04-20,32.0,W,8.0,18.0,0.444,0.0,0.0,1.0,1.0,8.0,7.0,1.0,2.0,0.0,17.0,18.1
519,519,1995-04-22,32.0,W,8.0,16.0,0.5,0.0,2.0,3.0,4.0,2.0,4.0,0.0,0.0,1.0,19.0,12.6
520,520,1995-04-23,32.0,L,11.0,29.0,0.379,4.0,4.0,7.0,10.0,11.0,7.0,3.0,1.0,4.0,33.0,23.8
521,521,1996-11-01,33.0,W,10.0,22.0,0.455,0.0,5.0,10.0,13.0,4.0,3.0,0.0,0.0,1.0,30.0,19.3
522,522,1996-11-02,33.0,W,11.0,20.0,0.55,3.0,7.0,2.0,2.0,2.0,5.0,4.0,0.0,2.0,27.0,23.1
523,523,1996-11-05,33.0,W,9.0,18.0,0.5,3.0,5.0,1.0,1.0,7.0,3.0,4.0,0.0,4.0,22.0,17.2
524,524,1996-11-06,33.0,W,18.0,33.0,0.545,1.0,2.0,13.0,14.0,6.0,0.0,1.0,1.0,0.0,50.0,37.2
525,525,1996-11-08,33.0,W,6.0,14.0,0.429,1.0,3.0,2.0,2.0,4.0,8.0,1.0,0.0,0.0,15.0,14.6
526,526,1996-11-09,33.0,W,10.0,23.0,0.435,0.0,2.0,7.0,11.0,3.0,3.0,1.0,0.0,0.0,27.0,17.3
527,527,1996-11-11,33.0,W,12.0,21.0,0.5710000000000001,1.0,1.0,1.0,2.0,2.0,5.0,1.0,1.0,3.0,26.0,18.5
528,528,1996-11-13,33.0,W,8.0,23.0,0.348,0.0,1.0,12.0,16.0,5.0,3.0,1.0,0.0,0.0,28.0,17.3
529,529,1996-11-15,33.0,W,15.0,25.0,0.6,4.0,5.0,4.0,4.0,1.0,2.0,1.0,1.0,1.0,38.0,28.1
530,530,1996-11-16,33.0,W,11.0,23.0,0.478,0.0,1.0,3.0,4.0,5.0,3.0,1.0,0.0,2.0,25.0,14.7
531,531,1996-11-20,33.0,W,16.0,29.0,0.552,0.0,0.0,5.0,6.0,4.0,4.0,1.0,1.0,2.0,37.0,25.6
532,532,1996-11-21,33.0,W,12.0,23.0,0.522,0.0,2.0,7.0,7.0,7.0,3.0,2.0,1.0,2.0,31.0,25.4
533,533,1996-11-23,33.0,L,17.0,32.0,0.531,0.0,6.0,10.0,12.0,6.0,4.0,2.0,1.0,2.0,44.0,32.1
534,534,1996-11-25,33.0,W,14.0,26.0,0.5379999999999999,1.0,3.0,11.0,12.0,7.0,2.0,2.0,4.0,2.0,40.0,32.5
535,535,1996-11-29,33.0,W,13.0,23.0,0.565,4.0,5.0,6.0,6.0,7.0,4.0,2.0,0.0,2.0,36.0,29.6
536,536,1996-11-30,33.0,W,14.0,35.0,0.4,2.0,5.0,5.0,5.0,9.0,3.0,0.0,0.0,1.0,35.0,19.9
537,537,1996-12-03,33.0,W,13.0,27.0,0.481,0.0,0.0,14.0,17.0,6.0,6.0,0.0,0.0,3.0,40.0,28.5
538,538,1996-12-05,33.0,W,9.0,21.0,0.429,0.0,3.0,2.0,3.0,4.0,6.0,2.0,0.0,1.0,20.0,14.1
539,539,1996-12-07,33.0,L,16.0,30.0,0.5329999999999999,0.0,3.0,5.0,6.0,9.0,3.0,0.0,0.0,0.0,37.0,26.8
540,540,1996-12-08,33.0,L,5.0,17.0,0.294,1.0,4.0,2.0,2.0,9.0,8.0,2.0,2.0,3.0,13.0,11.4
541,541,1996-12-11,33.0,W,10.0,16.0,0.625,1.0,1.0,6.0,6.0,7.0,3.0,3.0,0.0,1.0,27.0,26.0
542,542,1996-12-13,33.0,W,9.0,19.0,0.474,3.0,5.0,11.0,12.0,6.0,6.0,4.0,0.0,1.0,32.0,30.1
543,543,1996-12-14,33.0,W,10.0,26.0,0.385,0.0,3.0,9.0,12.0,9.0,5.0,5.0,0.0,1.0,29.0,24.6
544,544,1996-12-17,33.0,W,10.0,32.0,0.313,0.0,2.0,10.0,14.0,9.0,3.0,1.0,1.0,2.0,30.0,15.7
545,545,1996-12-19,33.0,W,13.0,27.0,0.481,3.0,8.0,6.0,7.0,8.0,1.0,1.0,1.0,2.0,35.0,25.7
546,546,1996-12-21,33.0,W,12.0,29.0,0.414,1.0,3.0,6.0,8.0,1.0,3.0,1.0,1.0,1.0,31.0,16.2
547,547,1996-12-23,33.0,W,10.0,18.0,0.556,0.0,1.0,4.0,4.0,3.0,4.0,0.0,0.0,3.0,24.0,16.5
548,548,1996-12-25,33.0,W,9.0,21.0,0.429,0.0,4.0,5.0,7.0,10.0,2.0,1.0,0.0,4.0,23.0,13.7
549,549,1996-12-26,33.0,L,10.0,25.0,0.4,2.0,5.0,12.0,13.0,3.0,1.0,2.0,1.0,0.0,34.0,23.6
550,550,1996-12-28,33.0,W,13.0,25.0,0.52,0.0,1.0,19.0,20.0,7.0,5.0,3.0,0.0,4.0,45.0,36.1
551,551,1996-12-30,33.0,W,12.0,29.0,0.414,1.0,5.0,3.0,4.0,7.0,4.0,1.0,0.0,3.0,28.0,15.8
552,552,1997-01-03,33.0,W,10.0,18.0,0.556,0.0,2.0,2.0,2.0,4.0,6.0,2.0,1.0,2.0,22.0,19.1
553,553,1997-01-06,33.0,W,8.0,20.0,0.4,2.0,3.0,5.0,6.0,8.0,3.0,3.0,1.0,1.0,23.0,19.8
554,554,1997-01-10,33.0,W,11.0,23.0,0.478,3.0,4.0,8.0,13.0,5.0,3.0,0.0,0.0,0.0,33.0,22.5
555,555,1997-01-11,33.0,W,12.0,25.0,0.48,4.0,6.0,4.0,4.0,6.0,7.0,2.0,0.0,3.0,32.0,24.6
556,556,1997-01-14,33.0,W,14.0,27.0,0.519,0.0,4.0,11.0,11.0,2.0,2.0,2.0,0.0,0.0,39.0,28.5
557,557,1997-01-15,33.0,W,12.0,22.0,0.545,1.0,5.0,0.0,0.0,3.0,4.0,1.0,1.0,3.0,25.0,16.4
558,558,1997-01-17,33.0,W,10.0,15.0,0.667,1.0,2.0,3.0,4.0,7.0,11.0,2.0,0.0,1.0,24.0,27.5
559,559,1997-01-19,33.0,L,8.0,25.0,0.32,1.0,6.0,9.0,9.0,14.0,5.0,1.0,1.0,1.0,26.0,21.3
560,560,1997-01-21,33.0,W,18.0,30.0,0.6,5.0,8.0,10.0,11.0,4.0,4.0,2.0,0.0,2.0,51.0,40.8
561,561,1997-01-23,33.0,W,10.0,24.0,0.417,1.0,5.0,11.0,12.0,9.0,0.0,1.0,0.0,4.0,32.0,18.1
562,562,1997-01-25,33.0,W,10.0,16.0,0.625,3.0,4.0,1.0,2.0,3.0,4.0,2.0,0.0,0.0,24.0,22.1
563,563,1997-01-28,33.0,W,12.0,19.0,0.632,1.0,3.0,3.0,4.0,4.0,3.0,4.0,0.0,2.0,28.0,24.4
564,564,1997-01-30,33.0,W,11.0,19.0,0.579,1.0,5.0,9.0,10.0,6.0,2.0,3.0,0.0,2.0,32.0,25.7
565,565,1997-01-31,33.0,W,8.0,17.0,0.471,1.0,6.0,1.0,1.0,4.0,8.0,3.0,0.0,2.0,18.0,16.3
566,566,1997-02-02,33.0,W,19.0,28.0,0.679,2.0,3.0,5.0,6.0,7.0,3.0,1.0,0.0,1.0,45.0,37.2
567,567,1997-02-04,33.0,W,15.0,30.0,0.5,1.0,4.0,5.0,5.0,5.0,2.0,1.0,2.0,0.0,36.0,25.5
568,568,1997-02-05,33.0,L,10.0,24.0,0.417,2.0,5.0,5.0,6.0,4.0,4.0,1.0,1.0,2.0,27.0,17.5
569,569,1997-02-11,33.0,W,16.0,24.0,0.667,1.0,2.0,10.0,14.0,5.0,4.0,3.0,0.0,5.0,43.0,32.5
570,570,1997-02-14,33.0,W,13.0,28.0,0.464,1.0,2.0,3.0,5.0,8.0,4.0,2.0,0.0,4.0,30.0,19.2
571,571,1997-02-16,33.0,W,8.0,20.0,0.4,3.0,4.0,0.0,0.0,8.0,10.0,4.0,0.0,2.0,19.0,18.8
572,572,1997-02-18,34.0,W,10.0,18.0,0.556,1.0,3.0,3.0,4.0,5.0,12.0,3.0,0.0,0.0,24.0,27.5
573,573,1997-02-21,34.0,W,13.0,28.0,0.464,3.0,4.0,7.0,12.0,4.0,4.0,1.0,0.0,2.0,36.0,22.2
574,574,1997-02-22,34.0,W,13.0,19.0,0.684,5.0,8.0,3.0,4.0,5.0,1.0,3.0,0.0,2.0,34.0,28.7
575,575,1997-02-24,34.0,W,13.0,27.0,0.481,3.0,7.0,8.0,9.0,4.0,3.0,0.0,0.0,1.0,37.0,25.2
576,576,1997-02-27,34.0,L,7.0,25.0,0.28,0.0,3.0,9.0,9.0,8.0,4.0,0.0,0.0,2.0,23.0,11.1
577,577,1997-02-28,34.0,W,13.0,20.0,0.65,5.0,7.0,4.0,5.0,9.0,6.0,1.0,1.0,2.0,35.0,32.0
578,578,1997-03-03,34.0,W,11.0,19.0,0.579,3.0,7.0,6.0,6.0,3.0,6.0,2.0,0.0,2.0,31.0,26.4
579,579,1997-03-05,34.0,W,7.0,17.0,0.412,1.0,4.0,1.0,2.0,2.0,4.0,2.0,0.0,0.0,16.0,11.9
580,580,1997-03-07,34.0,W,11.0,21.0,0.524,1.0,3.0,15.0,17.0,4.0,5.0,2.0,1.0,4.0,38.0,29.5
581,581,1997-03-09,34.0,L,14.0,31.0,0.452,0.0,3.0,8.0,9.0,6.0,4.0,1.0,0.0,1.0,36.0,24.1
582,582,1997-03-11,34.0,W,13.0,23.0,0.565,1.0,3.0,5.0,6.0,4.0,9.0,3.0,0.0,2.0,32.0,28.4
583,583,1997-03-12,34.0,W,9.0,24.0,0.375,1.0,4.0,4.0,5.0,5.0,3.0,2.0,1.0,4.0,23.0,10.9
584,584,1997-03-14,34.0,L,16.0,34.0,0.471,1.0,3.0,3.0,5.0,8.0,5.0,0.0,1.0,1.0,36.0,23.8
585,585,1997-03-15,34.0,W,5.0,11.0,0.455,0.0,1.0,0.0,0.0,4.0,3.0,1.0,2.0,3.0,10.0,7.0
586,586,1997-03-18,34.0,W,10.0,28.0,0.35700000000000004,0.0,4.0,12.0,13.0,18.0,2.0,0.0,0.0,8.0,32.0,16.8
587,587,1997-03-21,34.0,W,11.0,25.0,0.44,1.0,3.0,13.0,14.0,6.0,4.0,2.0,1.0,2.0,36.0,29.4
588,588,1997-03-22,34.0,W,8.0,20.0,0.4,3.0,6.0,4.0,4.0,5.0,7.0,2.0,1.0,0.0,23.0,20.9
589,589,1997-03-25,34.0,W,9.0,20.0,0.45,0.0,1.0,2.0,2.0,1.0,3.0,3.0,0.0,2.0,20.0,11.8
590,590,1997-03-27,34.0,W,5.0,17.0,0.294,0.0,0.0,2.0,3.0,10.0,4.0,0.0,2.0,6.0,12.0,3.3
591,591,1997-03-29,34.0,W,9.0,21.0,0.429,1.0,2.0,2.0,3.0,6.0,10.0,0.0,2.0,0.0,21.0,19.3
592,592,1997-04-01,34.0,W,8.0,11.0,0.727,0.0,0.0,5.0,9.0,8.0,2.0,2.0,0.0,2.0,21.0,18.3
593,593,1997-04-03,34.0,L,14.0,30.0,0.467,1.0,4.0,5.0,6.0,1.0,6.0,2.0,1.0,2.0,34.0,22.6
594,594,1997-04-04,34.0,W,9.0,16.0,0.563,0.0,1.0,4.0,5.0,5.0,3.0,1.0,2.0,0.0,22.0,19.6
595,595,1997-04-06,34.0,W,13.0,22.0,0.591,3.0,6.0,8.0,9.0,8.0,5.0,3.0,1.0,4.0,37.0,31.6
596,596,1997-04-07,34.0,W,13.0,25.0,0.52,3.0,4.0,1.0,2.0,8.0,2.0,3.0,2.0,2.0,30.0,24.3
597,597,1997-04-09,34.0,W,8.0,19.0,0.421,0.0,3.0,7.0,8.0,3.0,2.0,5.0,0.0,6.0,23.0,13.0
598,598,1997-04-10,34.0,W,12.0,26.0,0.462,1.0,3.0,9.0,10.0,8.0,6.0,1.0,1.0,3.0,34.0,24.7
599,599,1997-04-13,34.0,L,7.0,16.0,0.438,0.0,3.0,4.0,4.0,9.0,7.0,0.0,0.0,4.0,18.0,13.2
600,600,1997-04-14,34.0,W,12.0,24.0,0.5,4.0,7.0,2.0,2.0,11.0,10.0,3.0,1.0,2.0,30.0,30.0
601,601,1997-04-16,34.0,L,11.0,27.0,0.407,2.0,5.0,2.0,4.0,8.0,3.0,0.0,1.0,3.0,26.0,11.3
602,602,1997-04-19,34.0,L,14.0,22.0,0.636,1.0,1.0,4.0,8.0,3.0,3.0,2.0,0.0,4.0,33.0,21.0
603,603,1995-11-03,32.0,W,16.0,29.0,0.552,3.0,7.0,7.0,9.0,6.0,7.0,0.0,0.0,1.0,42.0,31.8
604,604,1995-11-04,32.0,W,5.0,12.0,0.417,0.0,1.0,5.0,7.0,0.0,3.0,3.0,1.0,0.0,15.0,12.0
605,605,1995-11-07,32.0,W,13.0,19.0,0.684,3.0,4.0,9.0,9.0,4.0,5.0,4.0,0.0,1.0,38.0,37.2
606,606,1995-11-09,32.0,W,12.0,24.0,0.5,4.0,8.0,1.0,2.0,5.0,3.0,0.0,0.0,3.0,29.0,16.0
607,607,1995-11-11,32.0,W,11.0,23.0,0.478,0.0,2.0,14.0,15.0,3.0,7.0,1.0,1.0,3.0,36.0,28.0
608,608,1995-11-14,32.0,L,8.0,20.0,0.4,3.0,7.0,4.0,5.0,7.0,6.0,2.0,0.0,2.0,23.0,17.3
609,609,1995-11-15,32.0,W,7.0,10.0,0.7,1.0,2.0,5.0,7.0,7.0,2.0,1.0,0.0,1.0,20.0,18.1
610,610,1995-11-17,32.0,W,7.0,16.0,0.438,0.0,1.0,4.0,4.0,3.0,3.0,4.0,0.0,5.0,18.0,10.8
611,611,1995-11-21,32.0,W,12.0,25.0,0.48,0.0,2.0,12.0,13.0,8.0,5.0,2.0,2.0,0.0,36.0,31.0
612,612,1995-11-22,32.0,W,15.0,27.0,0.556,1.0,1.0,7.0,8.0,9.0,2.0,4.0,0.0,5.0,38.0,26.6
613,613,1995-11-24,32.0,W,9.0,21.0,0.429,2.0,5.0,14.0,17.0,8.0,6.0,1.0,0.0,4.0,34.0,24.1
614,614,1995-11-26,32.0,L,6.0,19.0,0.316,0.0,4.0,10.0,11.0,5.0,4.0,2.0,0.0,4.0,22.0,13.4
615,615,1995-11-27,32.0,W,13.0,22.0,0.591,0.0,3.0,7.0,8.0,3.0,8.0,4.0,0.0,4.0,33.0,28.1
616,616,1995-11-30,32.0,W,14.0,26.0,0.5379999999999999,0.0,2.0,1.0,2.0,3.0,4.0,3.0,0.0,2.0,29.0,20.7
617,617,1995-12-02,32.0,W,13.0,22.0,0.591,0.0,2.0,11.0,14.0,11.0,5.0,4.0,1.0,2.0,37.0,35.9
618,618,1995-12-06,32.0,W,8.0,27.0,0.29600000000000004,0.0,0.0,6.0,6.0,3.0,8.0,0.0,0.0,0.0,22.0,11.6
619,619,1995-12-08,32.0,W,11.0,23.0,0.478,0.0,1.0,6.0,6.0,5.0,6.0,3.0,1.0,1.0,28.0,23.5
620,620,1995-12-09,32.0,W,16.0,28.0,0.5710000000000001,0.0,0.0,13.0,16.0,5.0,4.0,2.0,0.0,2.0,45.0,34.9
621,621,1995-12-13,32.0,W,15.0,30.0,0.5,4.0,7.0,2.0,6.0,6.0,2.0,2.0,1.0,4.0,36.0,21.3
622,622,1995-12-14,32.0,W,8.0,16.0,0.5,1.0,4.0,5.0,5.0,3.0,1.0,0.0,0.0,3.0,22.0,11.8
623,623,1995-12-16,32.0,W,5.0,20.0,0.25,0.0,1.0,10.0,10.0,7.0,6.0,5.0,1.0,3.0,20.0,17.0
624,624,1995-12-18,32.0,W,16.0,27.0,0.593,0.0,1.0,5.0,8.0,6.0,3.0,5.0,0.0,2.0,37.0,29.4
625,625,1995-12-19,32.0,W,12.0,23.0,0.522,0.0,1.0,8.0,8.0,4.0,4.0,1.0,0.0,0.0,32.0,25.7
626,626,1995-12-22,32.0,W,9.0,19.0,0.474,2.0,3.0,7.0,7.0,10.0,5.0,3.0,0.0,2.0,27.0,25.6
627,627,1995-12-23,32.0,W,12.0,22.0,0.545,1.0,2.0,5.0,5.0,7.0,8.0,3.0,1.0,2.0,30.0,28.4
628,628,1995-12-26,32.0,L,11.0,28.0,0.393,1.0,2.0,7.0,9.0,10.0,4.0,1.0,2.0,2.0,30.0,19.8
629,629,1995-12-29,32.0,W,8.0,20.0,0.4,0.0,2.0,13.0,18.0,7.0,3.0,3.0,0.0,4.0,29.0,19.0
630,630,1995-12-30,32.0,W,14.0,27.0,0.519,1.0,2.0,4.0,6.0,7.0,6.0,4.0,1.0,5.0,33.0,24.5
631,631,1996-01-03,32.0,W,17.0,29.0,0.586,1.0,1.0,3.0,4.0,8.0,5.0,3.0,0.0,1.0,38.0,32.0
632,632,1996-01-04,32.0,W,11.0,20.0,0.55,0.0,1.0,5.0,7.0,5.0,5.0,1.0,0.0,1.0,27.0,21.6
633,633,1996-01-06,32.0,W,10.0,20.0,0.5,2.0,4.0,10.0,12.0,2.0,3.0,3.0,1.0,0.0,32.0,27.2
634,634,1996-01-10,32.0,W,14.0,25.0,0.56,1.0,2.0,6.0,7.0,14.0,5.0,0.0,1.0,4.0,35.0,26.7
635,635,1996-01-13,32.0,W,18.0,28.0,0.643,5.0,7.0,7.0,7.0,10.0,2.0,1.0,1.0,2.0,48.0,40.5
636,636,1996-01-15,32.0,W,16.0,31.0,0.516,3.0,7.0,11.0,11.0,4.0,2.0,1.0,0.0,5.0,46.0,27.3
637,637,1996-01-16,32.0,W,13.0,22.0,0.591,2.0,6.0,4.0,6.0,7.0,2.0,3.0,0.0,1.0,32.0,27.3
638,638,1996-01-18,32.0,W,14.0,28.0,0.5,4.0,8.0,6.0,8.0,9.0,2.0,1.0,0.0,1.0,38.0,28.9
639,639,1996-01-21,32.0,W,12.0,23.0,0.522,3.0,5.0,9.0,11.0,8.0,4.0,2.0,1.0,3.0,36.0,29.6
640,640,1996-01-23,32.0,W,13.0,23.0,0.565,3.0,4.0,4.0,5.0,6.0,4.0,3.0,0.0,2.0,33.0,27.3
641,641,1996-01-24,32.0,W,4.0,10.0,0.4,0.0,1.0,4.0,6.0,3.0,6.0,0.0,0.0,1.0,12.0,8.7
642,642,1996-01-26,32.0,W,10.0,21.0,0.476,1.0,3.0,4.0,5.0,9.0,4.0,3.0,2.0,8.0,25.0,15.8
643,643,1996-01-28,32.0,W,13.0,25.0,0.52,0.0,2.0,5.0,7.0,6.0,6.0,3.0,1.0,2.0,31.0,24.8
644,644,1996-01-30,32.0,W,7.0,26.0,0.269,1.0,6.0,7.0,8.0,8.0,1.0,4.0,0.0,2.0,22.0,11.3
645,645,1996-02-01,32.0,W,7.0,16.0,0.438,0.0,1.0,13.0,14.0,2.0,1.0,2.0,1.0,4.0,27.0,16.6
646,646,1996-02-02,32.0,W,8.0,17.0,0.471,0.0,0.0,1.0,1.0,7.0,7.0,1.0,0.0,3.0,17.0,13.7
647,647,1996-02-04,32.0,L,13.0,29.0,0.448,4.0,7.0,9.0,11.0,3.0,4.0,3.0,1.0,4.0,39.0,26.1
648,648,1996-02-06,32.0,L,9.0,22.0,0.409,0.0,2.0,10.0,17.0,2.0,6.0,3.0,0.0,3.0,28.0,17.0
649,649,1996-02-07,32.0,W,15.0,31.0,0.484,0.0,0.0,10.0,13.0,11.0,6.0,3.0,2.0,2.0,40.0,34.2
650,650,1996-02-13,32.0,W,11.0,23.0,0.478,2.0,3.0,8.0,10.0,9.0,3.0,0.0,0.0,4.0,32.0,20.3
651,651,1996-02-15,32.0,W,10.0,30.0,0.333,0.0,1.0,12.0,12.0,8.0,5.0,3.0,0.0,1.0,32.0,22.9
652,652,1996-02-16,32.0,W,13.0,23.0,0.565,4.0,4.0,5.0,5.0,7.0,4.0,0.0,1.0,2.0,35.0,27.7
653,653,1996-02-18,33.0,W,16.0,29.0,0.552,3.0,4.0,9.0,10.0,5.0,7.0,3.0,2.0,3.0,44.0,38.3
654,654,1996-02-20,33.0,W,6.0,19.0,0.316,0.0,0.0,2.0,3.0,9.0,6.0,0.0,0.0,0.0,14.0,9.6
655,655,1996-02-22,33.0,W,15.0,26.0,0.5770000000000001,2.0,2.0,2.0,2.0,3.0,3.0,0.0,1.0,2.0,34.0,23.9
656,656,1996-02-23,33.0,L,9.0,21.0,0.429,1.0,4.0,12.0,13.0,9.0,5.0,4.0,0.0,3.0,31.0,26.3
657,657,1996-02-25,33.0,W,8.0,19.0,0.421,1.0,1.0,6.0,8.0,5.0,7.0,2.0,0.0,1.0,23.0,19.5
658,658,1996-02-27,33.0,W,11.0,24.0,0.458,2.0,3.0,11.0,12.0,6.0,7.0,2.0,0.0,1.0,35.0,29.9
659,659,1996-03-01,33.0,W,7.0,17.0,0.412,1.0,3.0,2.0,3.0,3.0,6.0,6.0,0.0,3.0,17.0,15.2
660,660,1996-03-02,33.0,W,8.0,15.0,0.5329999999999999,0.0,2.0,5.0,8.0,8.0,8.0,4.0,1.0,1.0,21.0,25.4
661,661,1996-03-05,33.0,W,12.0,20.0,0.6,4.0,5.0,5.0,6.0,8.0,4.0,2.0,0.0,3.0,33.0,29.2
662,662,1996-03-07,33.0,W,21.0,28.0,0.75,2.0,4.0,9.0,10.0,11.0,2.0,6.0,0.0,4.0,53.0,47.7
663,663,1996-03-10,33.0,L,12.0,26.0,0.462,2.0,4.0,6.0,7.0,8.0,3.0,1.0,1.0,7.0,32.0,16.6
664,664,1996-03-13,33.0,W,12.0,25.0,0.48,2.0,6.0,11.0,12.0,6.0,5.0,1.0,0.0,3.0,37.0,26.4
665,665,1996-03-15,33.0,W,14.0,22.0,0.636,3.0,5.0,2.0,3.0,6.0,3.0,3.0,2.0,3.0,33.0,27.3
666,666,1996-03-16,33.0,W,14.0,29.0,0.483,2.0,5.0,7.0,7.0,16.0,5.0,1.0,3.0,0.0,37.0,32.9
667,667,1996-03-18,33.0,W,15.0,32.0,0.469,0.0,5.0,8.0,10.0,11.0,4.0,1.0,0.0,2.0,38.0,24.7
668,668,1996-03-19,33.0,W,7.0,16.0,0.438,0.0,3.0,6.0,6.0,9.0,3.0,2.0,0.0,6.0,20.0,12.0
669,669,1996-03-21,33.0,W,14.0,24.0,0.583,1.0,4.0,7.0,7.0,11.0,5.0,1.0,0.0,1.0,36.0,30.4
670,670,1996-03-24,33.0,L,14.0,22.0,0.636,0.0,1.0,8.0,8.0,9.0,2.0,0.0,2.0,2.0,36.0,30.5
671,671,1996-03-28,33.0,W,5.0,12.0,0.417,0.0,1.0,3.0,6.0,5.0,7.0,1.0,1.0,0.0,13.0,12.3
672,672,1996-03-30,33.0,W,6.0,15.0,0.4,0.0,1.0,9.0,10.0,9.0,6.0,2.0,0.0,1.0,21.0,21.6
673,673,1996-04-02,33.0,W,11.0,23.0,0.478,2.0,3.0,8.0,8.0,8.0,3.0,2.0,0.0,1.0,32.0,24.6
674,674,1996-04-04,33.0,W,13.0,24.0,0.542,1.0,4.0,13.0,16.0,7.0,3.0,4.0,2.0,4.0,40.0,33.2
675,675,1996-04-05,33.0,W,10.0,16.0,0.625,2.0,2.0,2.0,3.0,5.0,4.0,3.0,0.0,3.0,24.0,20.7
676,676,1996-04-07,33.0,W,10.0,30.0,0.333,2.0,4.0,5.0,5.0,3.0,1.0,2.0,0.0,1.0,27.0,12.2
677,677,1996-04-08,33.0,L,13.0,27.0,0.481,1.0,3.0,13.0,19.0,11.0,5.0,1.0,0.0,1.0,40.0,31.5
678,678,1996-04-11,33.0,W,8.0,18.0,0.444,0.0,1.0,1.0,4.0,7.0,3.0,3.0,0.0,3.0,17.0,11.8
679,679,1996-04-12,33.0,W,10.0,16.0,0.625,2.0,4.0,1.0,1.0,3.0,0.0,4.0,1.0,2.0,23.0,19.4
680,680,1996-04-14,33.0,W,11.0,18.0,0.611,4.0,7.0,6.0,6.0,12.0,3.0,1.0,0.0,3.0,32.0,28.7
681,681,1996-04-16,33.0,W,9.0,27.0,0.333,1.0,4.0,3.0,4.0,9.0,4.0,2.0,1.0,4.0,22.0,10.5
682,682,1996-04-18,33.0,W,11.0,18.0,0.611,4.0,5.0,4.0,4.0,5.0,1.0,1.0,0.0,2.0,30.0,23.0
683,683,1996-04-20,33.0,L,9.0,23.0,0.391,2.0,5.0,4.0,5.0,2.0,6.0,1.0,1.0,3.0,24.0,13.0
684,684,1996-04-21,33.0,W,11.0,22.0,0.5,1.0,3.0,3.0,3.0,4.0,4.0,4.0,0.0,1.0,26.0,22.4
685,685,2002-10-30,39.0,L,4.0,14.0,0.28600000000000003,0.0,0.0,0.0,2.0,3.0,1.0,3.0,0.0,2.0,8.0,0.4
686,686,2002-10-31,39.0,W,8.0,15.0,0.5329999999999999,0.0,0.0,5.0,5.0,4.0,5.0,2.0,1.0,0.0,21.0,20.7
687,687,2002-11-02,39.0,L,7.0,16.0,0.438,1.0,2.0,6.0,8.0,2.0,2.0,2.0,0.0,0.0,21.0,15.0
688,688,2002-11-05,39.0,L,5.0,14.0,0.35700000000000004,0.0,0.0,0.0,0.0,2.0,1.0,1.0,0.0,1.0,10.0,2.7
689,689,2002-11-06,39.0,W,2.0,6.0,0.333,0.0,1.0,2.0,3.0,3.0,4.0,3.0,0.0,1.0,6.0,7.1
690,690,2002-11-08,39.0,W,9.0,14.0,0.643,0.0,0.0,7.0,12.0,3.0,3.0,2.0,0.0,2.0,25.0,18.2
691,691,2002-11-09,39.0,W,5.0,11.0,0.455,0.0,1.0,2.0,2.0,8.0,6.0,0.0,2.0,0.0,12.0,13.9
692,692,2002-11-12,39.0,L,13.0,22.0,0.591,0.0,0.0,1.0,2.0,6.0,4.0,1.0,1.0,4.0,27.0,18.7
693,693,2002-11-14,39.0,W,7.0,17.0,0.412,0.0,1.0,5.0,5.0,6.0,1.0,1.0,0.0,3.0,19.0,8.8
694,694,2002-11-16,39.0,W,4.0,5.0,0.8,0.0,0.0,0.0,0.0,5.0,2.0,2.0,0.0,1.0,8.0,8.8
695,695,2002-11-17,39.0,L,9.0,16.0,0.563,1.0,2.0,0.0,0.0,2.0,3.0,1.0,0.0,5.0,19.0,9.7
696,696,2002-11-22,39.0,L,4.0,15.0,0.267,0.0,0.0,0.0,0.0,2.0,1.0,0.0,0.0,1.0,8.0,-1.4
697,697,2002-11-23,39.0,L,9.0,18.0,0.5,0.0,0.0,2.0,2.0,6.0,5.0,2.0,0.0,3.0,20.0,15.7
698,698,2002-11-26,39.0,L,10.0,21.0,0.476,3.0,3.0,5.0,8.0,1.0,2.0,3.0,0.0,1.0,28.0,19.0
699,699,2002-11-29,39.0,L,6.0,15.0,0.4,0.0,1.0,2.0,2.0,4.0,1.0,1.0,0.0,1.0,14.0,7.0
700,700,2002-11-30,39.0,L,8.0,20.0,0.4,0.0,2.0,0.0,0.0,4.0,2.0,0.0,1.0,2.0,16.0,5.7
701,701,2002-12-03,39.0,W,9.0,20.0,0.45,0.0,0.0,7.0,8.0,7.0,4.0,0.0,0.0,1.0,25.0,17.7
702,702,2002-12-04,39.0,W,5.0,14.0,0.35700000000000004,0.0,0.0,11.0,16.0,9.0,4.0,6.0,2.0,3.0,21.0,21.1
703,703,2002-12-06,39.0,L,7.0,21.0,0.333,0.0,0.0,2.0,2.0,6.0,0.0,0.0,0.0,3.0,16.0,2.1
704,704,2002-12-07,39.0,W,9.0,18.0,0.5,0.0,1.0,2.0,4.0,9.0,2.0,3.0,0.0,2.0,20.0,14.1
705,705,2002-12-10,39.0,L,6.0,10.0,0.6,0.0,0.0,2.0,2.0,5.0,1.0,1.0,1.0,1.0,14.0,13.1
706,706,2002-12-13,39.0,L,5.0,20.0,0.25,0.0,0.0,2.0,2.0,5.0,4.0,2.0,0.0,4.0,12.0,1.5
707,707,2002-12-15,39.0,W,1.0,9.0,0.111,0.0,0.0,0.0,0.0,8.0,9.0,2.0,1.0,0.0,2.0,7.5
708,708,2002-12-17,39.0,W,12.0,18.0,0.667,0.0,0.0,6.0,6.0,3.0,2.0,0.0,0.0,1.0,30.0,22.3
709,709,2002-12-18,39.0,W,14.0,23.0,0.609,2.0,3.0,3.0,3.0,5.0,2.0,3.0,0.0,3.0,33.0,25.4
710,710,2002-12-21,39.0,L,8.0,20.0,0.4,0.0,0.0,0.0,0.0,5.0,3.0,0.0,1.0,2.0,16.0,7.1
711,711,2002-12-23,39.0,L,5.0,15.0,0.333,1.0,1.0,2.0,2.0,7.0,8.0,0.0,2.0,3.0,13.0,9.4
712,712,2002-12-26,39.0,L,7.0,17.0,0.412,0.0,1.0,3.0,4.0,4.0,1.0,0.0,2.0,4.0,17.0,5.6
713,713,2002-12-28,39.0,W,4.0,10.0,0.4,0.0,1.0,2.0,2.0,4.0,5.0,1.0,1.0,0.0,10.0,10.6
714,714,2002-12-30,39.0,L,8.0,17.0,0.471,0.0,0.0,5.0,5.0,8.0,9.0,3.0,0.0,4.0,21.0,18.4
715,715,2002-12-31,39.0,W,7.0,15.0,0.467,1.0,1.0,2.0,2.0,7.0,3.0,1.0,0.0,2.0,17.0,12.5
716,716,2003-01-02,39.0,W,4.0,11.0,0.364,0.0,2.0,2.0,2.0,5.0,5.0,2.0,0.0,3.0,10.0,7.9
717,717,2003-01-04,39.0,W,14.0,26.0,0.5379999999999999,3.0,4.0,10.0,12.0,12.0,4.0,3.0,0.0,2.0,41.0,35.4
718,718,2003-01-06,39.0,W,7.0,18.0,0.389,0.0,2.0,5.0,5.0,11.0,7.0,4.0,0.0,4.0,19.0,16.6
719,719,2003-01-08,39.0,W,5.0,13.0,0.385,0.0,0.0,4.0,5.0,10.0,7.0,1.0,0.0,2.0,14.0,11.8
720,720,2003-01-10,39.0,L,7.0,17.0,0.412,0.0,0.0,0.0,0.0,2.0,5.0,0.0,1.0,0.0,14.0,9.3
721,721,2003-01-11,39.0,W,8.0,25.0,0.32,0.0,0.0,7.0,9.0,10.0,3.0,1.0,0.0,2.0,23.0,13.2
722,722,2003-01-14,39.0,L,8.0,23.0,0.348,0.0,0.0,6.0,6.0,5.0,4.0,3.0,2.0,2.0,22.0,16.2
723,723,2003-01-16,39.0,W,12.0,25.0,0.48,0.0,1.0,8.0,10.0,6.0,8.0,2.0,0.0,1.0,32.0,26.1
724,724,2003-01-18,39.0,L,10.0,25.0,0.4,0.0,3.0,5.0,6.0,8.0,7.0,5.0,1.0,2.0,25.0,21.3
725,725,2003-01-20,39.0,W,11.0,22.0,0.5,0.0,2.0,3.0,4.0,5.0,6.0,1.0,1.0,3.0,25.0,17.2
726,726,2003-01-22,39.0,L,9.0,21.0,0.429,0.0,0.0,0.0,0.0,4.0,3.0,3.0,0.0,2.0,18.0,10.8
727,727,2003-01-24,39.0,L,4.0,14.0,0.28600000000000003,0.0,0.0,3.0,4.0,5.0,3.0,1.0,1.0,1.0,11.0,6.7
728,728,2003-01-25,39.0,L,8.0,18.0,0.444,0.0,1.0,1.0,2.0,8.0,5.0,2.0,1.0,4.0,17.0,11.8
729,729,2003-01-27,39.0,W,9.0,14.0,0.643,0.0,0.0,1.0,2.0,7.0,1.0,2.0,0.0,5.0,19.0,11.8
730,730,2003-01-29,39.0,L,4.0,16.0,0.25,0.0,0.0,0.0,0.0,5.0,5.0,0.0,0.0,3.0,8.0,-0.4
731,731,2003-01-30,39.0,L,11.0,24.0,0.458,0.0,1.0,2.0,3.0,4.0,4.0,1.0,0.0,2.0,24.0,14.6
732,732,2003-02-01,39.0,W,18.0,33.0,0.545,0.0,0.0,9.0,10.0,3.0,6.0,1.0,1.0,2.0,45.0,31.9
733,733,2003-02-04,39.0,W,13.0,26.0,0.5,0.0,0.0,1.0,1.0,4.0,8.0,4.0,1.0,2.0,27.0,22.3
734,734,2003-02-11,39.0,L,5.0,19.0,0.263,0.0,0.0,2.0,2.0,7.0,2.0,0.0,0.0,1.0,12.0,4.0
735,735,2003-02-12,39.0,W,8.0,24.0,0.333,0.0,0.0,7.0,9.0,6.0,12.0,2.0,1.0,2.0,23.0,17.9
736,736,2003-02-14,39.0,L,3.0,12.0,0.25,0.0,0.0,5.0,5.0,2.0,3.0,0.0,0.0,2.0,11.0,4.9
737,737,2003-02-19,40.0,L,8.0,23.0,0.348,0.0,0.0,4.0,6.0,6.0,2.0,0.0,2.0,3.0,20.0,9.1
738,738,2003-02-21,40.0,W,18.0,30.0,0.6,0.0,0.0,7.0,8.0,10.0,3.0,4.0,1.0,1.0,43.0,36.8
739,739,2003-02-23,40.0,L,14.0,26.0,0.5379999999999999,0.0,0.0,2.0,2.0,9.0,3.0,2.0,1.0,6.0,30.0,18.5
740,740,2003-02-25,40.0,W,11.0,25.0,0.44,0.0,0.0,3.0,4.0,6.0,3.0,1.0,0.0,1.0,25.0,14.6
741,741,2003-02-27,40.0,W,15.0,26.0,0.5770000000000001,0.0,0.0,5.0,7.0,11.0,6.0,0.0,0.0,3.0,35.0,25.3
742,742,2003-03-01,40.0,W,7.0,18.0,0.389,0.0,2.0,3.0,4.0,8.0,8.0,0.0,0.0,2.0,17.0,12.0
743,743,2003-03-02,40.0,L,9.0,27.0,0.333,0.0,1.0,3.0,3.0,8.0,2.0,1.0,3.0,0.0,21.0,12.2
744,744,2003-03-04,40.0,L,2.0,5.0,0.4,0.0,0.0,0.0,0.0,3.0,2.0,0.0,0.0,3.0,4.0,0.6
745,745,2003-03-05,40.0,W,4.0,14.0,0.28600000000000003,0.0,0.0,2.0,2.0,9.0,0.0,0.0,0.0,1.0,10.0,3.9
746,746,2003-03-07,40.0,L,11.0,24.0,0.458,0.0,1.0,5.0,6.0,9.0,3.0,2.0,0.0,1.0,27.0,19.2
747,747,2003-03-09,40.0,L,13.0,22.0,0.591,0.0,0.0,13.0,15.0,8.0,1.0,1.0,0.0,3.0,39.0,28.3
748,748,2003-03-11,40.0,W,10.0,18.0,0.556,0.0,0.0,3.0,3.0,4.0,2.0,2.0,0.0,9.0,23.0,8.4
749,749,2003-03-14,40.0,L,6.0,18.0,0.333,0.0,0.0,3.0,4.0,5.0,4.0,2.0,1.0,0.0,15.0,11.0
750,750,2003-03-15,40.0,W,9.0,18.0,0.5,0.0,1.0,1.0,1.0,8.0,1.0,2.0,2.0,3.0,19.0,13.1
751,751,2003-03-18,40.0,L,10.0,25.0,0.4,0.0,1.0,3.0,4.0,11.0,3.0,0.0,0.0,2.0,23.0,12.1
752,752,2003-03-21,40.0,L,4.0,12.0,0.333,0.0,1.0,6.0,6.0,5.0,2.0,1.0,1.0,2.0,14.0,10.6
753,753,2003-03-23,40.0,L,11.0,23.0,0.478,1.0,1.0,1.0,1.0,5.0,4.0,2.0,0.0,3.0,24.0,14.8
754,754,2003-03-25,40.0,W,11.0,19.0,0.579,0.0,0.0,3.0,4.0,5.0,7.0,2.0,0.0,1.0,25.0,21.5
755,755,2003-03-26,40.0,W,12.0,22.0,0.545,0.0,0.0,2.0,3.0,10.0,4.0,2.0,1.0,4.0,26.0,18.7
756,756,2003-03-28,40.0,L,10.0,20.0,0.5,0.0,0.0,3.0,4.0,0.0,4.0,1.0,0.0,1.0,23.0,15.0
757,757,2003-03-30,40.0,L,9.0,23.0,0.391,0.0,1.0,1.0,2.0,5.0,2.0,1.0,0.0,5.0,19.0,5.0
758,758,2003-04-02,40.0,L,8.0,17.0,0.471,0.0,0.0,1.0,2.0,1.0,4.0,0.0,0.0,1.0,17.0,9.2
759,759,2003-04-03,40.0,L,10.0,23.0,0.435,0.0,1.0,2.0,2.0,14.0,7.0,2.0,0.0,0.0,22.0,20.6
760,760,2003-04-06,40.0,W,10.0,22.0,0.455,1.0,1.0,4.0,4.0,13.0,7.0,2.0,0.0,2.0,25.0,22.0
761,761,2003-04-08,40.0,W,10.0,19.0,0.526,1.0,1.0,5.0,5.0,10.0,3.0,3.0,1.0,1.0,26.0,25.7
762,762,2003-04-09,40.0,L,8.0,17.0,0.471,1.0,2.0,4.0,4.0,10.0,1.0,2.0,0.0,1.0,21.0,16.2
763,763,2003-04-11,40.0,W,11.0,26.0,0.423,0.0,1.0,3.0,3.0,2.0,4.0,2.0,0.0,1.0,25.0,15.2
764,764,2003-04-12,40.0,L,8.0,16.0,0.5,0.0,0.0,1.0,2.0,8.0,6.0,1.0,1.0,2.0,17.0,14.5
765,765,2003-04-14,40.0,L,9.0,22.0,0.409,0.0,3.0,3.0,3.0,8.0,1.0,1.0,0.0,2.0,21.0,11.3
766,766,2003-04-16,40.0,L,6.0,15.0,0.4,0.0,0.0,3.0,4.0,4.0,4.0,0.0,0.0,2.0,15.0,8.5
767,767,2001-10-30,38.0,L,7.0,21.0,0.333,0.0,3.0,5.0,6.0,5.0,6.0,4.0,0.0,3.0,19.0,13.4
768,768,2001-11-01,38.0,W,13.0,30.0,0.433,0.0,3.0,5.0,6.0,6.0,6.0,2.0,0.0,1.0,31.0,21.0
769,769,2001-11-03,38.0,W,7.0,21.0,0.333,0.0,0.0,6.0,9.0,6.0,9.0,2.0,1.0,2.0,20.0,16.1
770,770,2001-11-04,38.0,L,8.0,18.0,0.444,0.0,0.0,3.0,3.0,8.0,2.0,1.0,0.0,1.0,19.0,13.0
771,771,2001-11-07,38.0,L,12.0,26.0,0.462,0.0,1.0,8.0,10.0,8.0,2.0,2.0,0.0,5.0,32.0,18.6
772,772,2001-11-09,38.0,L,13.0,30.0,0.433,0.0,1.0,6.0,8.0,3.0,3.0,3.0,0.0,3.0,32.0,17.2
773,773,2001-11-11,38.0,L,5.0,26.0,0.192,0.0,1.0,6.0,6.0,12.0,4.0,1.0,2.0,1.0,16.0,7.2
774,774,2001-11-14,38.0,L,12.0,24.0,0.5,0.0,1.0,7.0,8.0,4.0,3.0,2.0,1.0,3.0,31.0,20.8
775,775,2001-11-16,38.0,L,17.0,33.0,0.515,1.0,2.0,9.0,11.0,7.0,3.0,1.0,0.0,0.0,44.0,33.3
776,776,2001-11-20,38.0,L,13.0,23.0,0.565,1.0,2.0,3.0,4.0,4.0,6.0,2.0,0.0,5.0,30.0,19.5
777,777,2001-11-22,38.0,L,8.0,26.0,0.308,0.0,1.0,5.0,5.0,5.0,6.0,2.0,1.0,3.0,21.0,11.0
778,778,2001-11-24,38.0,W,7.0,24.0,0.292,0.0,1.0,3.0,3.0,11.0,6.0,1.0,0.0,2.0,17.0,8.7
779,779,2001-11-27,38.0,L,9.0,24.0,0.375,0.0,0.0,0.0,0.0,4.0,5.0,1.0,0.0,0.0,18.0,10.1
780,780,2001-11-28,38.0,W,11.0,27.0,0.407,0.0,1.0,8.0,10.0,6.0,7.0,5.0,1.0,1.0,30.0,25.3
781,781,2001-11-30,38.0,W,10.0,20.0,0.5,0.0,1.0,2.0,3.0,7.0,5.0,0.0,0.0,2.0,22.0,14.8
782,782,2001-12-01,38.0,L,6.0,19.0,0.316,0.0,0.0,3.0,3.0,7.0,7.0,0.0,2.0,2.0,15.0,8.9
783,783,2001-12-06,38.0,W,9.0,23.0,0.391,0.0,0.0,0.0,0.0,6.0,7.0,0.0,0.0,4.0,18.0,7.4
784,784,2001-12-08,38.0,W,7.0,21.0,0.333,0.0,1.0,7.0,9.0,12.0,4.0,4.0,0.0,1.0,21.0,17.3
785,785,2001-12-11,38.0,W,8.0,19.0,0.421,0.0,1.0,0.0,0.0,6.0,9.0,0.0,0.0,0.0,16.0,13.2
786,786,2001-12-12,38.0,W,9.0,23.0,0.391,0.0,1.0,7.0,11.0,6.0,7.0,1.0,1.0,1.0,25.0,18.3
787,787,2001-12-14,38.0,W,8.0,19.0,0.421,0.0,1.0,3.0,3.0,6.0,6.0,1.0,2.0,5.0,19.0,10.7
788,788,2001-12-16,38.0,W,8.0,21.0,0.381,0.0,0.0,5.0,6.0,4.0,3.0,3.0,0.0,4.0,21.0,11.0
789,789,2001-12-19,38.0,W,11.0,19.0,0.579,0.0,1.0,1.0,1.0,4.0,6.0,1.0,1.0,2.0,23.0,18.8
790,790,2001-12-21,38.0,W,3.0,16.0,0.188,0.0,0.0,6.0,6.0,6.0,8.0,1.0,0.0,3.0,12.0,8.2
791,791,2001-12-22,38.0,W,11.0,22.0,0.5,0.0,0.0,4.0,7.0,1.0,3.0,1.0,0.0,4.0,26.0,12.4
792,792,2001-12-26,38.0,L,11.0,28.0,0.393,1.0,2.0,5.0,6.0,4.0,7.0,1.0,0.0,3.0,28.0,15.3
793,793,2001-12-27,38.0,L,2.0,10.0,0.2,1.0,2.0,1.0,2.0,4.0,4.0,0.0,0.0,4.0,6.0,-0.2
794,794,2001-12-29,38.0,W,21.0,38.0,0.5529999999999999,0.0,2.0,9.0,10.0,7.0,4.0,3.0,0.0,4.0,51.0,35.9
795,795,2001-12-31,38.0,W,16.0,32.0,0.5,1.0,3.0,12.0,13.0,10.0,7.0,3.0,0.0,3.0,45.0,35.7
796,796,2002-01-04,38.0,W,9.0,24.0,0.375,0.0,2.0,11.0,13.0,7.0,3.0,2.0,2.0,5.0,29.0,16.0
797,797,2002-01-08,38.0,W,9.0,24.0,0.375,0.0,0.0,0.0,1.0,10.0,8.0,1.0,0.0,4.0,18.0,10.4
798,798,2002-01-11,38.0,L,10.0,24.0,0.417,0.0,0.0,2.0,4.0,3.0,3.0,1.0,0.0,6.0,22.0,5.6
799,799,2002-01-12,38.0,L,14.0,30.0,0.467,0.0,0.0,7.0,7.0,6.0,4.0,1.0,1.0,5.0,35.0,20.1
800,800,2002-01-15,38.0,L,5.0,21.0,0.238,0.0,0.0,10.0,16.0,1.0,4.0,0.0,1.0,4.0,20.0,4.7
801,801,2002-01-16,38.0,L,4.0,14.0,0.28600000000000003,0.0,0.0,2.0,2.0,2.0,1.0,1.0,1.0,1.0,10.0,3.4
802,802,2002-01-19,38.0,W,7.0,21.0,0.333,0.0,2.0,2.0,6.0,12.0,4.0,2.0,2.0,9.0,16.0,1.7
803,803,2002-01-21,38.0,L,12.0,34.0,0.353,1.0,4.0,4.0,5.0,14.0,3.0,0.0,0.0,1.0,29.0,16.1
804,804,2002-01-22,38.0,L,14.0,27.0,0.519,1.0,2.0,1.0,1.0,8.0,6.0,2.0,1.0,5.0,30.0,20.2
805,805,2002-01-24,38.0,W,18.0,29.0,0.621,0.0,0.0,4.0,7.0,8.0,2.0,2.0,0.0,0.0,40.0,31.1
806,806,2002-01-26,38.0,W,17.0,30.0,0.5670000000000001,0.0,0.0,7.0,9.0,4.0,7.0,2.0,0.0,2.0,41.0,32.1
807,807,2002-01-29,38.0,L,13.0,30.0,0.433,0.0,0.0,6.0,8.0,5.0,7.0,2.0,0.0,3.0,32.0,20.8
808,808,2002-01-31,38.0,W,11.0,27.0,0.407,0.0,1.0,4.0,4.0,5.0,8.0,1.0,0.0,4.0,26.0,16.0
809,809,2002-02-01,38.0,W,10.0,24.0,0.417,0.0,1.0,8.0,10.0,4.0,8.0,2.0,2.0,1.0,28.0,22.8
810,810,2002-02-03,38.0,W,11.0,19.0,0.579,1.0,1.0,0.0,0.0,5.0,6.0,0.0,0.0,0.0,23.0,19.4
811,811,2002-02-05,38.0,W,10.0,21.0,0.476,0.0,1.0,3.0,4.0,7.0,5.0,0.0,0.0,2.0,23.0,14.7
812,812,2002-02-07,38.0,W,12.0,30.0,0.4,0.0,1.0,1.0,1.0,6.0,9.0,1.0,0.0,1.0,25.0,16.9
813,813,2002-02-12,38.0,L,8.0,20.0,0.4,0.0,0.0,6.0,8.0,5.0,6.0,2.0,1.0,4.0,22.0,14.4
814,814,2002-02-14,38.0,L,6.0,18.0,0.333,0.0,0.0,4.0,6.0,1.0,4.0,1.0,0.0,3.0,16.0,6.1
815,815,2002-02-15,38.0,W,7.0,19.0,0.368,0.0,0.0,8.0,9.0,6.0,4.0,2.0,2.0,5.0,22.0,13.3
816,816,2002-02-18,39.0,L,5.0,12.0,0.417,0.0,1.0,1.0,2.0,6.0,11.0,0.0,0.0,2.0,11.0,11.3
817,817,2002-02-21,39.0,L,7.0,17.0,0.412,0.0,1.0,2.0,2.0,5.0,6.0,3.0,0.0,4.0,16.0,10.8
818,818,2002-02-23,39.0,L,13.0,25.0,0.52,1.0,1.0,10.0,12.0,5.0,7.0,0.0,0.0,4.0,37.0,25.5
819,819,2002-02-24,39.0,L,4.0,13.0,0.308,1.0,2.0,0.0,1.0,5.0,6.0,3.0,0.0,6.0,9.0,3.0
820,820,2002-03-20,39.0,W,2.0,9.0,0.222,0.0,0.0,3.0,3.0,1.0,2.0,2.0,0.0,2.0,7.0,3.2
821,821,2002-03-21,39.0,L,4.0,12.0,0.333,0.0,0.0,3.0,4.0,4.0,4.0,1.0,0.0,1.0,11.0,7.8
822,822,2002-03-24,39.0,L,6.0,17.0,0.353,0.0,0.0,2.0,2.0,3.0,2.0,2.0,0.0,3.0,14.0,4.2
823,823,2002-03-26,39.0,W,4.0,9.0,0.444,0.0,1.0,1.0,3.0,3.0,6.0,0.0,0.0,1.0,9.0,7.2
824,824,2002-03-29,39.0,W,12.0,22.0,0.545,0.0,0.0,10.0,12.0,3.0,1.0,0.0,0.0,0.0,34.0,23.8
825,825,2002-03-31,39.0,L,4.0,14.0,0.28600000000000003,0.0,0.0,2.0,2.0,3.0,5.0,1.0,1.0,2.0,10.0,5.9
826,826,2002-04-02,39.0,L,1.0,5.0,0.2,0.0,0.0,0.0,0.0,3.0,3.0,0.0,0.0,0.0,2.0,1.5
827,827,1997-10-31,34.0,L,7.0,23.0,0.304,0.0,0.0,16.0,21.0,6.0,4.0,2.0,1.0,3.0,30.0,18.6
828,828,1997-11-01,34.0,W,7.0,14.0,0.5,0.0,0.0,2.0,2.0,7.0,2.0,2.0,0.0,3.0,16.0,10.7
829,829,1997-11-03,34.0,W,12.0,39.0,0.308,1.0,4.0,4.0,6.0,13.0,4.0,5.0,2.0,3.0,29.0,17.4
830,830,1997-11-05,34.0,W,11.0,25.0,0.44,0.0,3.0,7.0,9.0,17.0,4.0,0.0,0.0,0.0,29.0,23.8
831,831,1997-11-07,34.0,L,11.0,25.0,0.44,0.0,1.0,5.0,7.0,9.0,6.0,1.0,0.0,2.0,27.0,19.0
832,832,1997-11-08,34.0,W,5.0,13.0,0.385,0.0,1.0,5.0,8.0,5.0,2.0,2.0,0.0,2.0,15.0,8.8
833,833,1997-11-11,34.0,L,7.0,17.0,0.412,0.0,1.0,5.0,7.0,6.0,1.0,1.0,0.0,3.0,19.0,10.0
834,834,1997-11-12,34.0,L,10.0,28.0,0.35700000000000004,0.0,2.0,8.0,12.0,7.0,3.0,4.0,2.0,5.0,28.0,15.8
835,835,1997-11-14,34.0,W,12.0,24.0,0.5,2.0,2.0,2.0,2.0,4.0,7.0,1.0,1.0,2.0,28.0,22.2
836,836,1997-11-15,34.0,W,11.0,26.0,0.423,1.0,1.0,4.0,7.0,2.0,4.0,2.0,0.0,5.0,27.0,11.6
837,837,1997-11-20,34.0,L,13.0,27.0,0.481,0.0,1.0,4.0,6.0,6.0,3.0,1.0,0.0,3.0,30.0,17.8
838,838,1997-11-21,34.0,W,18.0,38.0,0.474,0.0,2.0,13.0,19.0,5.0,5.0,1.0,1.0,4.0,49.0,29.5
839,839,1997-11-23,34.0,W,11.0,19.0,0.579,0.0,0.0,11.0,12.0,3.0,5.0,2.0,1.0,2.0,33.0,28.8
840,840,1997-11-25,34.0,L,11.0,25.0,0.44,0.0,2.0,4.0,6.0,6.0,5.0,5.0,0.0,3.0,26.0,19.8
841,841,1997-11-28,34.0,L,11.0,26.0,0.423,0.0,2.0,4.0,8.0,7.0,2.0,2.0,0.0,1.0,26.0,14.3
842,842,1997-11-29,34.0,W,10.0,21.0,0.476,1.0,1.0,8.0,12.0,4.0,3.0,2.0,0.0,2.0,29.0,18.8
843,843,1997-12-03,34.0,W,11.0,21.0,0.524,1.0,3.0,6.0,8.0,9.0,5.0,2.0,1.0,7.0,29.0,20.6
844,844,1997-12-05,34.0,W,4.0,16.0,0.25,0.0,3.0,5.0,6.0,9.0,2.0,1.0,0.0,1.0,13.0,7.1
845,845,1997-12-09,34.0,W,10.0,23.0,0.435,0.0,0.0,9.0,9.0,4.0,4.0,1.0,0.0,4.0,29.0,16.7
846,846,1997-12-10,34.0,L,6.0,17.0,0.353,0.0,1.0,13.0,13.0,2.0,5.0,1.0,0.0,3.0,25.0,16.8
847,847,1997-12-12,34.0,L,12.0,24.0,0.5,0.0,0.0,4.0,6.0,9.0,5.0,0.0,0.0,4.0,28.0,17.8
848,848,1997-12-13,34.0,W,4.0,16.0,0.25,0.0,0.0,3.0,4.0,6.0,2.0,2.0,0.0,0.0,11.0,7.4
849,849,1997-12-15,34.0,W,10.0,23.0,0.435,0.0,1.0,11.0,12.0,9.0,4.0,4.0,1.0,2.0,31.0,27.1
850,850,1997-12-17,34.0,W,12.0,22.0,0.545,1.0,2.0,11.0,12.0,5.0,4.0,1.0,1.0,4.0,36.0,26.2
851,851,1997-12-20,34.0,W,10.0,23.0,0.435,0.0,0.0,4.0,5.0,5.0,3.0,0.0,2.0,2.0,24.0,14.9
852,852,1997-12-23,34.0,W,9.0,24.0,0.375,0.0,1.0,9.0,12.0,12.0,4.0,0.0,1.0,2.0,27.0,20.5
853,853,1997-12-25,34.0,W,8.0,20.0,0.4,0.0,1.0,8.0,12.0,11.0,4.0,2.0,0.0,3.0,24.0,18.3
854,854,1997-12-27,34.0,W,18.0,26.0,0.6920000000000001,0.0,0.0,11.0,13.0,4.0,2.0,3.0,1.0,4.0,47.0,37.5
855,855,1997-12-29,34.0,W,16.0,29.0,0.552,0.0,1.0,9.0,11.0,7.0,0.0,0.0,2.0,2.0,41.0,27.8
856,856,1997-12-30,34.0,L,11.0,28.0,0.393,1.0,3.0,10.0,13.0,4.0,1.0,0.0,0.0,3.0,33.0,15.1
857,857,1998-01-02,34.0,W,15.0,22.0,0.682,1.0,1.0,13.0,15.0,5.0,1.0,2.0,0.0,0.0,44.0,38.0
858,858,1998-01-03,34.0,W,12.0,25.0,0.48,0.0,1.0,10.0,11.0,9.0,9.0,1.0,2.0,4.0,34.0,27.5
859,859,1998-01-06,34.0,W,5.0,13.0,0.385,0.0,1.0,9.0,12.0,3.0,4.0,3.0,0.0,3.0,19.0,14.8
860,860,1998-01-07,34.0,L,12.0,27.0,0.444,1.0,2.0,1.0,3.0,4.0,1.0,1.0,0.0,1.0,26.0,13.8
861,861,1998-01-09,34.0,W,17.0,33.0,0.515,1.0,4.0,9.0,10.0,4.0,2.0,3.0,1.0,1.0,44.0,31.8
862,862,1998-01-10,34.0,W,13.0,31.0,0.419,0.0,1.0,6.0,10.0,6.0,3.0,0.0,0.0,1.0,32.0,18.4
863,863,1998-01-13,34.0,W,12.0,27.0,0.444,0.0,2.0,16.0,18.0,1.0,2.0,0.0,0.0,1.0,40.0,24.2
864,864,1998-01-15,34.0,L,9.0,23.0,0.391,0.0,1.0,2.0,4.0,9.0,4.0,2.0,0.0,4.0,20.0,10.6
865,865,1998-01-16,34.0,W,10.0,20.0,0.5,1.0,1.0,6.0,7.0,8.0,2.0,1.0,1.0,3.0,27.0,17.9
866,866,1998-01-18,34.0,W,16.0,29.0,0.552,2.0,2.0,11.0,12.0,3.0,3.0,3.0,1.0,4.0,45.0,32.6
867,867,1998-01-21,34.0,W,14.0,23.0,0.609,1.0,3.0,4.0,4.0,5.0,6.0,3.0,1.0,1.0,33.0,30.5
868,868,1998-01-23,34.0,W,10.0,23.0,0.435,0.0,1.0,12.0,13.0,5.0,1.0,1.0,1.0,4.0,32.0,18.6
869,869,1998-01-25,34.0,L,13.0,26.0,0.5,0.0,4.0,6.0,7.0,5.0,7.0,2.0,0.0,3.0,32.0,23.6
870,870,1998-01-27,34.0,W,7.0,15.0,0.467,0.0,0.0,6.0,6.0,0.0,3.0,1.0,1.0,1.0,20.0,15.1
871,871,1998-01-29,34.0,W,11.0,24.0,0.458,0.0,1.0,7.0,7.0,5.0,4.0,1.0,0.0,0.0,29.0,21.9
872,872,1998-01-30,34.0,W,2.0,17.0,0.118,0.0,0.0,10.0,11.0,8.0,3.0,3.0,1.0,2.0,14.0,9.9
873,873,1998-02-01,34.0,L,11.0,26.0,0.423,0.0,1.0,9.0,12.0,5.0,2.0,1.0,0.0,1.0,31.0,18.9
874,874,1998-02-02,34.0,W,6.0,12.0,0.5,0.0,0.0,3.0,4.0,6.0,3.0,1.0,0.0,0.0,15.0,13.5
875,875,1998-02-04,34.0,L,17.0,37.0,0.459,1.0,5.0,5.0,6.0,7.0,3.0,2.0,1.0,1.0,40.0,26.4
876,876,1998-02-10,34.0,W,8.0,21.0,0.381,0.0,3.0,2.0,5.0,5.0,1.0,2.0,0.0,2.0,18.0,7.9
877,877,1998-02-11,34.0,W,11.0,22.0,0.5,0.0,0.0,7.0,9.0,4.0,6.0,0.0,0.0,1.0,29.0,21.2
878,878,1998-02-13,34.0,W,14.0,22.0,0.636,0.0,1.0,9.0,12.0,7.0,1.0,1.0,0.0,2.0,37.0,29.0
879,879,1998-02-15,34.0,W,7.0,17.0,0.412,0.0,1.0,7.0,8.0,12.0,5.0,3.0,0.0,3.0,21.0,17.8
880,880,1998-02-17,35.0,W,13.0,23.0,0.565,0.0,2.0,1.0,3.0,4.0,6.0,1.0,1.0,2.0,27.0,19.6
881,881,1998-02-19,35.0,W,5.0,9.0,0.556,1.0,2.0,5.0,6.0,4.0,5.0,0.0,0.0,1.0,16.0,14.2
882,882,1998-02-21,35.0,W,8.0,23.0,0.348,0.0,0.0,3.0,5.0,8.0,3.0,1.0,2.0,1.0,19.0,11.2
883,883,1998-02-23,35.0,W,7.0,14.0,0.5,0.0,1.0,3.0,4.0,7.0,6.0,0.0,1.0,2.0,17.0,14.2
884,884,1998-02-25,35.0,L,9.0,26.0,0.34600000000000003,0.0,2.0,15.0,17.0,4.0,3.0,4.0,1.0,3.0,33.0,22.2
885,885,1998-02-28,35.0,W,10.0,17.0,0.588,0.0,1.0,8.0,9.0,2.0,2.0,0.0,0.0,2.0,28.0,19.7
886,886,1998-03-03,35.0,W,12.0,19.0,0.632,0.0,0.0,6.0,6.0,7.0,2.0,2.0,0.0,2.0,30.0,24.6
887,887,1998-03-08,35.0,W,17.0,33.0,0.515,1.0,2.0,7.0,9.0,8.0,6.0,3.0,1.0,2.0,42.0,34.0
888,888,1998-03-10,35.0,W,17.0,30.0,0.5670000000000001,1.0,2.0,2.0,2.0,4.0,4.0,1.0,1.0,1.0,37.0,26.7
889,889,1998-03-12,35.0,L,10.0,24.0,0.417,1.0,3.0,5.0,11.0,7.0,3.0,1.0,1.0,1.0,26.0,15.7
890,890,1998-03-14,35.0,W,12.0,22.0,0.545,0.0,0.0,6.0,7.0,5.0,3.0,2.0,1.0,3.0,30.0,22.3
891,891,1998-03-16,35.0,W,6.0,15.0,0.4,0.0,1.0,5.0,8.0,7.0,1.0,1.0,0.0,4.0,17.0,7.9
892,892,1998-03-17,35.0,W,14.0,28.0,0.5,1.0,3.0,6.0,9.0,4.0,2.0,1.0,0.0,2.0,35.0,21.4
893,893,1998-03-20,35.0,W,8.0,13.0,0.615,1.0,2.0,7.0,10.0,4.0,3.0,0.0,1.0,3.0,24.0,17.5
894,894,1998-03-22,35.0,W,13.0,28.0,0.464,0.0,2.0,7.0,7.0,4.0,3.0,5.0,3.0,2.0,33.0,25.8
895,895,1998-03-23,35.0,W,11.0,22.0,0.5,0.0,1.0,2.0,2.0,7.0,2.0,2.0,1.0,2.0,24.0,17.2
896,896,1998-03-25,35.0,W,8.0,21.0,0.381,1.0,3.0,0.0,1.0,7.0,8.0,5.0,0.0,0.0,17.0,17.8
897,897,1998-03-27,35.0,W,13.0,26.0,0.5,0.0,0.0,8.0,12.0,5.0,4.0,0.0,1.0,2.0,34.0,21.6
898,898,1998-03-29,35.0,W,13.0,24.0,0.542,0.0,1.0,4.0,5.0,2.0,0.0,2.0,0.0,0.0,30.0,19.8
899,899,1998-03-31,35.0,W,11.0,26.0,0.423,0.0,2.0,4.0,4.0,3.0,8.0,4.0,2.0,4.0,26.0,18.5
900,900,1998-04-03,35.0,W,16.0,25.0,0.64,2.0,6.0,7.0,8.0,6.0,4.0,1.0,0.0,0.0,41.0,35.9
901,901,1998-04-05,35.0,W,18.0,31.0,0.581,0.0,0.0,4.0,4.0,4.0,3.0,3.0,0.0,2.0,40.0,29.4
902,902,1998-04-07,35.0,W,11.0,21.0,0.524,1.0,2.0,7.0,8.0,4.0,3.0,1.0,1.0,2.0,30.0,22.7
903,903,1998-04-09,35.0,L,10.0,24.0,0.417,0.0,2.0,9.0,12.0,6.0,4.0,0.0,0.0,4.0,29.0,14.4
904,904,1998-04-11,35.0,W,15.0,25.0,0.6,3.0,5.0,4.0,10.0,4.0,2.0,4.0,0.0,0.0,37.0,29.3
905,905,1998-04-13,35.0,L,7.0,19.0,0.368,1.0,1.0,12.0,14.0,4.0,3.0,3.0,0.0,4.0,27.0,18.0
906,906,1998-04-15,35.0,L,7.0,25.0,0.28,0.0,3.0,5.0,10.0,6.0,4.0,1.0,0.0,2.0,19.0,5.9
907,907,1998-04-17,35.0,W,9.0,19.0,0.474,0.0,2.0,6.0,8.0,6.0,2.0,5.0,0.0,4.0,24.0,16.1
908,908,1998-04-18,35.0,W,11.0,24.0,0.458,0.0,0.0,22.0,24.0,3.0,3.0,1.0,0.0,1.0,44.0,33.4
909,909,1988-11-04,25.0,L,10.0,19.0,0.526,0.0,2.0,8.0,12.0,5.0,7.0,5.0,2.0,2.0,28.0,26.3
910,910,1988-11-05,25.0,W,9.0,21.0,0.429,0.0,0.0,11.0,12.0,2.0,7.0,3.0,0.0,5.0,29.0,19.4
911,911,1988-11-08,25.0,L,13.0,21.0,0.619,2.0,3.0,3.0,3.0,3.0,9.0,2.0,0.0,4.0,31.0,25.5
912,912,1988-11-09,25.0,W,18.0,33.0,0.545,2.0,4.0,14.0,16.0,3.0,2.0,9.0,2.0,2.0,52.0,44.4
913,913,1988-11-11,25.0,W,14.0,24.0,0.583,0.0,1.0,8.0,11.0,6.0,3.0,3.0,4.0,6.0,36.0,26.9
914,914,1988-11-12,25.0,L,17.0,31.0,0.5479999999999999,0.0,3.0,8.0,12.0,7.0,6.0,3.0,1.0,1.0,42.0,34.5
915,915,1988-11-15,25.0,W,14.0,27.0,0.519,0.0,0.0,5.0,6.0,6.0,6.0,5.0,1.0,3.0,33.0,27.6
916,916,1988-11-16,25.0,L,24.0,29.0,0.828,0.0,1.0,4.0,4.0,9.0,1.0,4.0,2.0,4.0,52.0,46.5
917,917,1988-11-18,25.0,W,12.0,21.0,0.5710000000000001,0.0,0.0,10.0,13.0,9.0,9.0,1.0,0.0,6.0,34.0,25.7
918,918,1988-11-22,25.0,W,16.0,20.0,0.8,0.0,0.0,0.0,0.0,11.0,8.0,1.0,1.0,2.0,32.0,32.2
919,919,1988-11-23,25.0,L,7.0,15.0,0.467,1.0,2.0,11.0,12.0,12.0,7.0,5.0,4.0,6.0,26.0,27.4
920,920,1988-11-26,25.0,L,19.0,27.0,0.7040000000000001,3.0,5.0,11.0,14.0,11.0,7.0,1.0,0.0,6.0,52.0,42.3
921,921,1988-11-29,25.0,L,11.0,24.0,0.458,0.0,1.0,4.0,4.0,10.0,7.0,4.0,0.0,3.0,26.0,22.1
922,922,1988-11-30,25.0,L,11.0,25.0,0.44,0.0,1.0,11.0,13.0,8.0,5.0,2.0,1.0,3.0,33.0,25.9
923,923,1988-12-03,25.0,W,16.0,31.0,0.516,0.0,0.0,7.0,8.0,11.0,6.0,2.0,3.0,2.0,39.0,32.1
924,924,1988-12-06,25.0,W,14.0,20.0,0.7,0.0,0.0,10.0,11.0,9.0,5.0,5.0,0.0,6.0,38.0,33.6
925,925,1988-12-07,25.0,L,4.0,16.0,0.25,0.0,0.0,10.0,11.0,7.0,7.0,1.0,2.0,3.0,18.0,15.2
926,926,1988-12-09,25.0,W,10.0,17.0,0.588,0.0,2.0,15.0,17.0,11.0,5.0,1.0,1.0,5.0,35.0,29.8
927,927,1988-12-10,25.0,W,14.0,25.0,0.56,1.0,2.0,9.0,10.0,11.0,4.0,2.0,0.0,1.0,38.0,32.4
928,928,1988-12-13,25.0,L,11.0,24.0,0.458,0.0,1.0,6.0,6.0,14.0,6.0,2.0,0.0,1.0,28.0,24.6
929,929,1988-12-16,25.0,W,10.0,22.0,0.455,0.0,3.0,8.0,9.0,7.0,7.0,6.0,0.0,2.0,28.0,26.8
930,930,1988-12-17,25.0,W,12.0,25.0,0.48,0.0,1.0,12.0,12.0,6.0,5.0,3.0,0.0,3.0,36.0,27.8
931,931,1988-12-20,25.0,W,11.0,23.0,0.478,2.0,3.0,18.0,22.0,7.0,8.0,4.0,0.0,1.0,42.0,41.0
932,932,1988-12-23,25.0,L,14.0,26.0,0.5379999999999999,0.0,0.0,5.0,6.0,5.0,4.0,6.0,0.0,7.0,33.0,22.1
933,933,1988-12-27,25.0,L,18.0,30.0,0.6,1.0,1.0,6.0,6.0,12.0,4.0,3.0,0.0,4.0,43.0,34.6
934,934,1988-12-29,25.0,W,14.0,27.0,0.519,0.0,2.0,9.0,12.0,9.0,3.0,3.0,0.0,3.0,37.0,26.9
935,935,1988-12-30,25.0,W,13.0,26.0,0.5,0.0,0.0,5.0,5.0,7.0,4.0,4.0,2.0,2.0,31.0,26.7
936,936,1989-01-03,25.0,W,15.0,30.0,0.5,0.0,3.0,11.0,15.0,10.0,11.0,6.0,0.0,4.0,41.0,35.5
937,937,1989-01-05,25.0,L,13.0,24.0,0.542,1.0,2.0,5.0,5.0,11.0,7.0,2.0,0.0,2.0,32.0,28.6
938,938,1989-01-06,25.0,L,12.0,21.0,0.5710000000000001,0.0,0.0,3.0,5.0,5.0,4.0,2.0,1.0,2.0,27.0,20.9
939,939,1989-01-10,25.0,W,17.0,29.0,0.586,0.0,2.0,14.0,16.0,10.0,9.0,3.0,0.0,4.0,48.0,42.8
940,940,1989-01-11,25.0,W,7.0,15.0,0.467,0.0,0.0,10.0,11.0,4.0,10.0,3.0,1.0,6.0,24.0,20.6
941,941,1989-01-13,25.0,W,13.0,24.0,0.542,0.0,1.0,12.0,13.0,12.0,11.0,3.0,0.0,6.0,38.0,33.1
942,942,1989-01-15,25.0,W,13.0,23.0,0.565,0.0,3.0,16.0,17.0,9.0,11.0,8.0,0.0,2.0,42.0,46.7
943,943,1989-01-17,25.0,W,10.0,18.0,0.556,0.0,1.0,2.0,4.0,6.0,13.0,4.0,1.0,2.0,22.0,25.0
944,944,1989-01-19,25.0,W,14.0,25.0,0.56,0.0,1.0,6.0,8.0,5.0,7.0,2.0,1.0,1.0,34.0,29.4
945,945,1989-01-21,25.0,L,20.0,28.0,0.7140000000000001,0.0,0.0,13.0,15.0,14.0,8.0,2.0,1.0,4.0,53.0,47.9
946,946,1989-01-24,25.0,W,10.0,20.0,0.5,0.0,1.0,4.0,5.0,3.0,6.0,3.0,0.0,1.0,24.0,20.7
947,947,1989-01-25,25.0,L,14.0,25.0,0.56,0.0,0.0,5.0,5.0,6.0,12.0,2.0,1.0,2.0,33.0,30.0
948,948,1989-01-27,25.0,W,14.0,25.0,0.56,0.0,0.0,5.0,8.0,11.0,9.0,3.0,1.0,1.0,33.0,31.8
949,949,1989-01-31,25.0,L,7.0,24.0,0.292,0.0,1.0,7.0,10.0,12.0,10.0,2.0,1.0,5.0,21.0,12.9
950,950,1989-02-02,25.0,W,15.0,21.0,0.7140000000000001,0.0,0.0,10.0,12.0,7.0,8.0,4.0,0.0,6.0,40.0,35.8
951,951,1989-02-03,25.0,L,10.0,24.0,0.417,0.0,1.0,9.0,12.0,6.0,10.0,5.0,1.0,3.0,29.0,26.1
952,952,1989-02-05,25.0,L,10.0,18.0,0.556,1.0,4.0,7.0,8.0,6.0,10.0,1.0,1.0,1.0,28.0,28.1
953,953,1989-02-07,25.0,W,11.0,20.0,0.55,1.0,2.0,9.0,10.0,7.0,5.0,2.0,0.0,3.0,32.0,26.2
954,954,1989-02-09,25.0,W,9.0,20.0,0.45,0.0,0.0,5.0,8.0,6.0,9.0,2.0,1.0,6.0,23.0,16.6
955,955,1989-02-14,25.0,L,11.0,14.0,0.7859999999999999,1.0,1.0,9.0,16.0,5.0,3.0,3.0,1.0,3.0,32.0,27.3
956,956,1989-02-16,25.0,W,16.0,26.0,0.615,1.0,2.0,17.0,18.0,8.0,5.0,3.0,0.0,4.0,50.0,41.9
957,957,1989-02-19,26.0,W,9.0,19.0,0.474,0.0,0.0,5.0,6.0,3.0,9.0,2.0,3.0,7.0,23.0,15.6
958,958,1989-02-20,26.0,W,13.0,22.0,0.591,0.0,0.0,7.0,8.0,6.0,7.0,1.0,0.0,4.0,33.0,25.7
959,959,1989-02-22,26.0,W,10.0,14.0,0.7140000000000001,0.0,1.0,4.0,5.0,4.0,5.0,1.0,0.0,6.0,24.0,15.9
960,960,1989-02-24,26.0,W,10.0,18.0,0.556,0.0,0.0,13.0,15.0,4.0,8.0,4.0,0.0,2.0,33.0,31.6
961,961,1989-02-25,26.0,L,7.0,12.0,0.583,0.0,0.0,4.0,5.0,5.0,3.0,3.0,0.0,4.0,18.0,13.8
962,962,1989-02-28,26.0,W,11.0,16.0,0.688,0.0,0.0,2.0,2.0,6.0,8.0,2.0,1.0,4.0,24.0,24.5
963,963,1989-03-03,26.0,W,10.0,18.0,0.556,1.0,1.0,7.0,11.0,8.0,9.0,2.0,1.0,6.0,28.0,22.4
964,964,1989-03-04,26.0,L,10.0,16.0,0.625,0.0,0.0,8.0,8.0,3.0,10.0,2.0,0.0,4.0,28.0,25.5
965,965,1989-03-07,26.0,L,15.0,27.0,0.556,0.0,0.0,4.0,5.0,11.0,4.0,3.0,0.0,2.0,34.0,28.2
966,966,1989-03-11,26.0,W,8.0,13.0,0.615,0.0,0.0,2.0,2.0,8.0,15.0,1.0,3.0,3.0,18.0,24.3
967,967,1989-03-13,26.0,W,7.0,15.0,0.467,3.0,4.0,4.0,4.0,14.0,14.0,3.0,2.0,1.0,21.0,31.9
968,968,1989-03-15,26.0,L,12.0,22.0,0.545,0.0,0.0,4.0,5.0,6.0,12.0,3.0,0.0,8.0,28.0,21.4
969,969,1989-03-17,26.0,W,9.0,16.0,0.563,2.0,2.0,13.0,14.0,5.0,9.0,4.0,1.0,4.0,33.0,31.9
970,970,1989-03-18,26.0,L,11.0,24.0,0.458,0.0,1.0,6.0,7.0,6.0,10.0,0.0,1.0,2.0,28.0,22.3
971,971,1989-03-21,26.0,W,7.0,20.0,0.35,0.0,0.0,7.0,8.0,8.0,16.0,1.0,0.0,5.0,21.0,18.2
972,972,1989-03-22,26.0,W,10.0,20.0,0.5,0.0,0.0,12.0,12.0,10.0,9.0,1.0,0.0,3.0,32.0,27.3
973,973,1989-03-24,26.0,W,10.0,20.0,0.5,1.0,3.0,13.0,16.0,7.0,17.0,6.0,0.0,7.0,34.0,35.4
974,974,1989-03-25,26.0,W,8.0,18.0,0.444,0.0,0.0,5.0,5.0,12.0,12.0,3.0,0.0,6.0,21.0,19.8
975,975,1989-03-28,26.0,W,13.0,24.0,0.542,0.0,1.0,7.0,9.0,12.0,11.0,4.0,0.0,5.0,33.0,29.7
976,976,1989-03-29,26.0,W,9.0,19.0,0.474,0.0,1.0,14.0,16.0,10.0,10.0,2.0,1.0,4.0,32.0,29.0
977,977,1989-03-31,26.0,L,15.0,29.0,0.517,1.0,2.0,6.0,7.0,10.0,10.0,3.0,1.0,3.0,37.0,32.2
978,978,1989-04-02,26.0,W,11.0,23.0,0.478,0.0,1.0,5.0,5.0,14.0,12.0,2.0,2.0,3.0,27.0,29.5
979,979,1989-04-04,26.0,W,10.0,15.0,0.667,0.0,2.0,13.0,15.0,10.0,12.0,6.0,1.0,3.0,33.0,42.0
980,980,1989-04-06,26.0,L,11.0,23.0,0.478,1.0,5.0,8.0,8.0,13.0,10.0,2.0,0.0,2.0,31.0,30.2
981,981,1989-04-07,26.0,L,11.0,18.0,0.611,0.0,0.0,18.0,21.0,7.0,11.0,2.0,0.0,1.0,40.0,39.4
982,982,1989-04-09,26.0,L,13.0,29.0,0.448,0.0,3.0,14.0,14.0,10.0,12.0,1.0,0.0,2.0,40.0,35.7
983,983,1989-04-13,26.0,L,17.0,30.0,0.5670000000000001,0.0,1.0,13.0,14.0,11.0,13.0,4.0,2.0,4.0,47.0,45.8
984,984,1989-04-14,26.0,L,12.0,27.0,0.444,0.0,1.0,5.0,7.0,10.0,12.0,3.0,2.0,4.0,29.0,25.9
985,985,1989-04-16,26.0,L,8.0,14.0,0.5710000000000001,0.0,1.0,6.0,6.0,3.0,3.0,2.0,1.0,5.0,22.0,15.3
986,986,1989-04-17,26.0,W,11.0,21.0,0.524,1.0,3.0,11.0,13.0,11.0,9.0,2.0,3.0,5.0,34.0,30.8
987,987,1989-04-20,26.0,L,9.0,20.0,0.45,0.0,0.0,12.0,13.0,5.0,4.0,1.0,1.0,6.0,30.0,18.4
988,988,1989-04-21,26.0,W,13.0,31.0,0.419,0.0,0.0,8.0,11.0,14.0,11.0,2.0,1.0,1.0,34.0,31.9
989,989,1989-04-23,26.0,L,9.0,19.0,0.474,0.0,2.0,7.0,8.0,5.0,3.0,1.0,0.0,3.0,25.0,16.5
990,990,1987-11-07,24.0,W,15.0,25.0,0.6,0.0,0.0,6.0,10.0,5.0,3.0,6.0,4.0,2.0,36.0,32.9
991,991,1987-11-10,24.0,W,11.0,23.0,0.478,1.0,3.0,6.0,9.0,6.0,7.0,1.0,1.0,3.0,29.0,20.3
992,992,1987-11-11,24.0,W,10.0,20.0,0.5,0.0,1.0,11.0,13.0,3.0,4.0,2.0,0.0,5.0,31.0,19.7
993,993,1987-11-13,24.0,W,10.0,19.0,0.526,0.0,0.0,16.0,17.0,7.0,5.0,6.0,1.0,3.0,36.0,36.4
994,994,1987-11-14,24.0,L,14.0,29.0,0.483,0.0,0.0,9.0,11.0,5.0,5.0,4.0,1.0,3.0,37.0,28.2
995,995,1987-11-17,24.0,W,10.0,18.0,0.556,0.0,0.0,6.0,6.0,3.0,7.0,2.0,1.0,3.0,26.0,21.7
996,996,1987-11-18,24.0,W,9.0,21.0,0.429,0.0,1.0,12.0,12.0,3.0,8.0,3.0,1.0,2.0,30.0,26.3
997,997,1987-11-20,24.0,W,10.0,22.0,0.455,0.0,0.0,13.0,14.0,7.0,7.0,4.0,4.0,2.0,33.0,31.8
998,998,1987-11-21,24.0,L,17.0,38.0,0.447,0.0,2.0,15.0,17.0,6.0,8.0,6.0,1.0,4.0,49.0,36.9
999,999,1987-11-23,24.0,W,12.0,26.0,0.462,0.0,0.0,7.0,10.0,10.0,3.0,4.0,0.0,5.0,31.0,20.1
1000,1000,1987-11-25,24.0,W,13.0,24.0,0.542,0.0,1.0,7.0,8.0,3.0,6.0,3.0,1.0,1.0,33.0,27.2
1001,1001,1987-11-27,24.0,L,8.0,20.0,0.4,0.0,1.0,9.0,9.0,6.0,9.0,3.0,1.0,3.0,25.0,22.6
1002,1002,1987-11-28,24.0,W,12.0,22.0,0.545,0.0,1.0,10.0,10.0,7.0,6.0,4.0,2.0,7.0,34.0,27.7
1003,1003,1987-12-01,24.0,W,6.0,15.0,0.4,0.0,0.0,4.0,6.0,6.0,9.0,3.0,1.0,3.0,16.0,15.1
1004,1004,1987-12-02,24.0,W,17.0,27.0,0.63,0.0,0.0,13.0,16.0,4.0,9.0,3.0,3.0,2.0,47.0,43.5
1005,1005,1987-12-04,24.0,L,9.0,15.0,0.6,1.0,1.0,4.0,5.0,4.0,5.0,4.0,0.0,4.0,23.0,19.2
1006,1006,1987-12-05,24.0,L,15.0,22.0,0.682,0.0,2.0,10.0,12.0,2.0,8.0,1.0,0.0,6.0,40.0,30.2
1007,1007,1987-12-08,24.0,L,14.0,26.0,0.5379999999999999,0.0,1.0,5.0,6.0,5.0,10.0,3.0,3.0,7.0,33.0,25.4
1008,1008,1987-12-10,24.0,W,11.0,18.0,0.611,0.0,0.0,10.0,11.0,7.0,4.0,3.0,1.0,3.0,32.0,28.6
1009,1009,1987-12-12,24.0,W,16.0,28.0,0.5710000000000001,0.0,0.0,12.0,12.0,3.0,9.0,5.0,5.0,3.0,44.0,42.3
1010,1010,1987-12-15,24.0,L,12.0,26.0,0.462,1.0,2.0,13.0,16.0,8.0,12.0,3.0,1.0,2.0,38.0,34.7
1011,1011,1987-12-17,24.0,W,20.0,31.0,0.645,0.0,0.0,12.0,12.0,3.0,6.0,4.0,1.0,2.0,52.0,45.3
1012,1012,1987-12-19,24.0,L,12.0,23.0,0.522,0.0,0.0,6.0,8.0,2.0,7.0,3.0,2.0,2.0,30.0,24.6
1013,1013,1987-12-22,24.0,L,11.0,20.0,0.55,0.0,1.0,6.0,7.0,6.0,7.0,4.0,2.0,4.0,28.0,26.1
1014,1014,1987-12-23,24.0,L,5.0,15.0,0.333,0.0,0.0,6.0,9.0,5.0,2.0,3.0,0.0,2.0,16.0,9.4
1015,1015,1987-12-26,24.0,L,6.0,22.0,0.273,0.0,0.0,5.0,6.0,6.0,6.0,0.0,2.0,5.0,17.0,5.6
1016,1016,1987-12-29,24.0,L,16.0,37.0,0.4320000000000001,0.0,2.0,7.0,9.0,8.0,6.0,5.0,0.0,2.0,39.0,28.7
1017,1017,1988-01-02,24.0,W,9.0,19.0,0.474,0.0,0.0,7.0,7.0,10.0,10.0,6.0,3.0,1.0,25.0,32.0
1018,1018,1988-01-05,24.0,W,12.0,20.0,0.6,0.0,0.0,7.0,8.0,11.0,9.0,4.0,5.0,2.0,31.0,36.9
1019,1019,1988-01-07,24.0,W,11.0,22.0,0.5,0.0,0.0,6.0,11.0,9.0,5.0,6.0,4.0,3.0,28.0,27.4
1020,1020,1988-01-09,24.0,W,17.0,23.0,0.7390000000000001,0.0,0.0,11.0,14.0,3.0,8.0,4.0,0.0,1.0,45.0,43.2
1021,1021,1988-01-12,24.0,L,19.0,35.0,0.5429999999999999,0.0,1.0,4.0,5.0,4.0,6.0,3.0,1.0,0.0,42.0,34.6
1022,1022,1988-01-14,24.0,L,12.0,24.0,0.5,0.0,1.0,4.0,6.0,4.0,7.0,1.0,2.0,4.0,28.0,19.7
1023,1023,1988-01-16,24.0,W,12.0,26.0,0.462,0.0,0.0,12.0,13.0,10.0,10.0,4.0,4.0,3.0,36.0,36.4
1024,1024,1988-01-18,24.0,W,13.0,19.0,0.684,0.0,0.0,7.0,10.0,3.0,7.0,5.0,0.0,2.0,33.0,30.9
1025,1025,1988-01-19,24.0,L,14.0,22.0,0.636,0.0,0.0,10.0,10.0,3.0,4.0,3.0,1.0,2.0,38.0,33.6
1026,1026,1988-01-22,24.0,W,17.0,25.0,0.68,0.0,0.0,8.0,8.0,4.0,13.0,4.0,4.0,2.0,42.0,45.6
1027,1027,1988-01-23,24.0,W,13.0,19.0,0.684,0.0,0.0,10.0,13.0,7.0,8.0,3.0,1.0,2.0,36.0,35.3
1028,1028,1988-01-26,24.0,L,13.0,26.0,0.5,1.0,1.0,7.0,10.0,7.0,5.0,2.0,1.0,6.0,34.0,20.9
1029,1029,1988-01-27,24.0,W,12.0,21.0,0.5710000000000001,1.0,1.0,12.0,12.0,4.0,7.0,2.0,1.0,2.0,37.0,32.7
1030,1030,1988-01-29,24.0,W,14.0,18.0,0.778,0.0,0.0,4.0,5.0,1.0,4.0,10.0,2.0,3.0,32.0,35.7
1031,1031,1988-01-30,24.0,W,10.0,17.0,0.588,0.0,1.0,8.0,8.0,5.0,4.0,2.0,4.0,5.0,28.0,23.4
1032,1032,1988-02-01,24.0,L,13.0,31.0,0.419,0.0,0.0,11.0,15.0,5.0,3.0,5.0,2.0,4.0,37.0,23.3
1033,1033,1988-02-02,24.0,L,14.0,26.0,0.5379999999999999,0.0,0.0,11.0,11.0,2.0,4.0,3.0,1.0,3.0,39.0,29.7
1034,1034,1988-02-04,24.0,W,14.0,27.0,0.519,0.0,1.0,9.0,11.0,5.0,8.0,0.0,1.0,0.0,37.0,30.7
1035,1035,1988-02-09,24.0,L,7.0,22.0,0.318,0.0,0.0,6.0,8.0,7.0,9.0,4.0,0.0,2.0,20.0,15.8
1036,1036,1988-02-10,24.0,L,10.0,23.0,0.435,0.0,2.0,14.0,15.0,4.0,4.0,1.0,3.0,3.0,34.0,25.2
1037,1037,1988-02-12,24.0,W,9.0,19.0,0.474,0.0,1.0,9.0,10.0,6.0,8.0,0.0,0.0,3.0,27.0,20.1
1038,1038,1988-02-13,24.0,L,9.0,22.0,0.409,0.0,1.0,9.0,10.0,2.0,2.0,3.0,2.0,4.0,27.0,17.2
1039,1039,1988-02-15,24.0,W,13.0,22.0,0.591,0.0,0.0,6.0,8.0,13.0,8.0,5.0,2.0,2.0,32.0,35.3
1040,1040,1988-02-19,25.0,W,19.0,27.0,0.7040000000000001,0.0,0.0,11.0,14.0,3.0,3.0,3.0,3.0,5.0,49.0,39.6
1041,1041,1988-02-21,25.0,L,16.0,31.0,0.516,0.0,2.0,14.0,15.0,4.0,9.0,3.0,1.0,3.0,46.0,37.7
1042,1042,1988-02-23,25.0,W,11.0,29.0,0.379,0.0,0.0,17.0,20.0,9.0,5.0,4.0,2.0,0.0,39.0,32.7
1043,1043,1988-02-26,25.0,L,21.0,34.0,0.618,0.0,2.0,10.0,12.0,8.0,3.0,2.0,3.0,6.0,52.0,37.2
1044,1044,1988-02-27,25.0,L,16.0,27.0,0.593,0.0,0.0,6.0,8.0,2.0,3.0,3.0,3.0,3.0,38.0,27.9
1045,1045,1988-02-29,25.0,L,13.0,22.0,0.591,0.0,0.0,9.0,13.0,5.0,4.0,2.0,0.0,3.0,35.0,26.5
1046,1046,1988-03-03,25.0,W,15.0,29.0,0.517,0.0,0.0,6.0,9.0,10.0,7.0,3.0,2.0,5.0,36.0,26.2
1047,1047,1988-03-05,25.0,W,9.0,13.0,0.6920000000000001,0.0,0.0,3.0,4.0,6.0,4.0,4.0,2.0,2.0,21.0,22.3
1048,1048,1988-03-07,25.0,L,12.0,24.0,0.5,0.0,2.0,14.0,16.0,10.0,3.0,1.0,0.0,4.0,38.0,26.1
1049,1049,1988-03-10,25.0,W,17.0,34.0,0.5,0.0,1.0,4.0,4.0,9.0,7.0,3.0,1.0,2.0,38.0,31.5
1050,1050,1988-03-12,25.0,W,9.0,22.0,0.409,0.0,0.0,10.0,12.0,7.0,6.0,0.0,0.0,2.0,28.0,20.1
1051,1051,1988-03-15,25.0,W,17.0,29.0,0.586,0.0,0.0,4.0,7.0,6.0,1.0,2.0,1.0,2.0,38.0,27.3
1052,1052,1988-03-16,25.0,L,10.0,23.0,0.435,0.0,0.0,5.0,5.0,4.0,5.0,0.0,2.0,3.0,25.0,16.4
1053,1053,1988-03-18,25.0,W,19.0,32.0,0.594,1.0,2.0,11.0,11.0,5.0,9.0,5.0,1.0,1.0,50.0,46.9
1054,1054,1988-03-20,25.0,L,10.0,18.0,0.556,0.0,0.0,6.0,8.0,4.0,7.0,1.0,1.0,5.0,26.0,17.8
1055,1055,1988-03-23,25.0,W,20.0,35.0,0.5710000000000001,0.0,1.0,9.0,12.0,13.0,2.0,0.0,2.0,0.0,49.0,38.4
1056,1056,1988-03-25,25.0,W,14.0,29.0,0.483,0.0,0.0,11.0,13.0,8.0,7.0,2.0,4.0,3.0,39.0,32.2
1057,1057,1988-03-26,25.0,W,16.0,27.0,0.593,0.0,2.0,6.0,9.0,3.0,2.0,3.0,4.0,6.0,38.0,25.6
1058,1058,1988-03-29,25.0,L,8.0,17.0,0.471,0.0,0.0,10.0,12.0,4.0,4.0,2.0,2.0,6.0,26.0,17.1
1059,1059,1988-03-30,25.0,W,15.0,25.0,0.6,0.0,0.0,6.0,6.0,6.0,4.0,6.0,0.0,2.0,36.0,32.7
1060,1060,1988-04-01,25.0,W,13.0,30.0,0.433,1.0,2.0,11.0,13.0,11.0,7.0,3.0,0.0,3.0,38.0,29.2
1061,1061,1988-04-03,25.0,W,21.0,27.0,0.778,0.0,1.0,17.0,19.0,4.0,6.0,2.0,2.0,1.0,59.0,54.7
1062,1062,1988-04-05,25.0,L,12.0,20.0,0.6,0.0,1.0,5.0,8.0,3.0,1.0,4.0,2.0,6.0,29.0,18.4
1063,1063,1988-04-06,25.0,W,12.0,22.0,0.545,0.0,0.0,13.0,13.0,6.0,6.0,3.0,1.0,5.0,37.0,29.5
1064,1064,1988-04-08,25.0,W,13.0,24.0,0.542,0.0,0.0,14.0,18.0,6.0,3.0,8.0,1.0,3.0,40.0,36.0
1065,1065,1988-04-14,25.0,W,12.0,28.0,0.429,0.0,2.0,11.0,12.0,6.0,3.0,3.0,1.0,2.0,35.0,25.0
1066,1066,1988-04-15,25.0,W,11.0,20.0,0.55,0.0,0.0,6.0,8.0,0.0,4.0,2.0,0.0,3.0,28.0,17.4
1067,1067,1988-04-17,25.0,W,17.0,29.0,0.586,0.0,1.0,10.0,14.0,3.0,6.0,4.0,3.0,2.0,44.0,36.9
1068,1068,1988-04-19,25.0,W,18.0,27.0,0.667,0.0,2.0,11.0,13.0,5.0,2.0,2.0,1.0,6.0,47.0,33.7
1069,1069,1988-04-21,25.0,L,17.0,33.0,0.515,0.0,2.0,5.0,6.0,3.0,8.0,2.0,1.0,4.0,39.0,26.7
1070,1070,1988-04-22,25.0,L,12.0,26.0,0.462,0.0,0.0,2.0,2.0,1.0,7.0,4.0,1.0,2.0,26.0,18.9
1071,1071,1988-04-24,25.0,W,16.0,25.0,0.64,0.0,1.0,14.0,15.0,6.0,6.0,1.0,1.0,3.0,46.0,38.0
